Rk,Squad,MP,W,D,L,GF,GA,Pts,Attendance,Top Team Scorer,Goalkeeper,Year
1,Manchester Utd,38,25,7,6,73,35,82,41001,Eric Cantona - 14,Peter Schmeichel,1996
2,Newcastle Utd,38,24,6,8,66,37,78,36501,Les Ferdinand - 25,Shaka Hislop,1996
3,Liverpool,38,20,11,7,70,34,71,39553,Robbie Fowler - 28,David James,1996
4,Aston Villa,38,18,9,11,52,35,63,37492,Dwight Yorke - 17,Mark Bosnich,1996
5,Arsenal,38,17,12,9,49,32,63,32614,Ian Wright - 15,David Seaman,1996
6,Everton,38,17,10,11,64,44,61,27714,Andrei Kanchelskis - 16,Neville Southall,1996
7,Blackburn,38,18,7,13,61,47,61,25163,Alan Shearer - 31,Tim Flowers,1996
8,Tottenham,38,16,13,9,50,38,61,30548,Teddy Sheringham - 16,Ian Walker,1996
9,Nott'ham Forest,38,15,13,10,50,54,58,25953,Ian Woan Jason Lee... - 8,Mark Crossley,1996
10,West Ham,38,14,9,15,43,52,51,22335,Tony Cottee Julian Dicks - 10,Luděk Mikloško,1996
11,Chelsea,38,12,14,12,46,44,50,25440,John Spencer - 13,Dmitri Kharine,1996
12,Middlesbrough,38,11,10,17,35,50,43,29220,Nick Barmby - 7,Gary Walsh,1996
13,Leeds United,38,12,7,19,40,57,43,32413,Tony Yeboah - 12,John Lukic,1996
14,Wimbledon,38,10,11,17,55,70,41,13332,Robbie Earle - 11,Paul Heald,1996
15,Sheffield Weds,38,10,10,18,48,61,40,24887,David Hirst - 13,Kevin Pressman,1996
16,Coventry City,38,8,14,16,42,60,38,18292,Dion Dublin - 14,Steve Ogrizovic,1996
17,Southampton,38,9,11,18,34,52,38,14802,Neil Shipperley - 8,Dave Beasant,1996
18,Manchester City,38,9,11,18,33,58,38,27747,Uwe Rösler - 9,Eike Immel,1996
19,QPR,38,9,6,23,38,57,33,15672,Danny Dichio - 10,Juergen Sommer,1996
20,Bolton,38,8,5,25,39,71,29,18832,John McGinlay - 6,Keith Branagan,1996
1,Manchester Utd,38,21,12,5,76,44,75,55081,Ole Gunnar Solskjær - 18,Peter Schmeichel,1997
2,Newcastle Utd,38,19,11,8,73,40,68,36466,Alan Shearer - 25,Pavel Srníček,1997
3,Arsenal,38,19,11,8,62,32,68,37821,Ian Wright - 23,David Seaman,1997
4,Liverpool,38,19,11,8,62,37,68,39777,Robbie Fowler - 18,David James,1997
5,Aston Villa,38,17,10,11,47,34,61,36027,Dwight Yorke - 17,Michael Oakes,1997
6,Chelsea,38,16,11,11,58,55,59,27001,Gianluca Vialli - 9,Frode Grodås,1997
7,Sheffield Weds,38,14,15,9,50,51,57,25693,Andy Booth - 10,Kevin Pressman,1997
8,Wimbledon,38,15,11,12,49,46,56,15156,Efan Ekoku - 11,Neil Sullivan,1997
9,Leicester City,38,12,11,15,46,54,47,20183,Steve Claridge - 12,Kasey Keller,1997
10,Tottenham,38,13,7,18,44,51,46,31067,Teddy Sheringham - 7,Ian Walker,1997
11,Leeds United,38,11,13,14,28,38,46,32109,Brian Deane Lee Sharpe - 5,Nigel Martyn,1997
12,Derby County,38,11,13,14,45,58,46,17888,Dean Sturridge - 11,Russell Hoult,1997
13,Blackburn,38,9,15,14,42,43,42,24947,Chris Sutton - 11,Tim Flowers,1997
14,West Ham,38,10,12,16,39,48,42,23342,John Hartson Paul Kitson - 8,Luděk Mikloško,1997
15,Everton,38,10,12,16,44,57,42,36186,Duncan Ferguson - 10,Neville Southall,1997
16,Southampton,38,10,11,17,50,56,41,15100,Matt Le Tissier - 13,Maik Taylor,1997
17,Coventry City,38,9,14,15,38,54,41,19625,Dion Dublin - 14,Steve Ogrizovic,1997
18,Sunderland,38,10,10,18,35,53,40,20973,Craig Russell - 5,Lionel Pérez,1997
19,Middlesbrough,38,10,12,16,51,60,39,29848,Fabrizio Ravanelli - 16,Gary Walsh,1997
20,Nott'ham Forest,38,6,16,16,31,59,34,23233,Alf-Inge Håland Kevin Campbell - 6,Mark Crossley,1997
1,Arsenal,38,23,9,6,68,33,78,38053,Dennis Bergkamp - 16,David Seaman,1998
2,Manchester Utd,38,23,8,7,73,26,77,55164,Andy Cole - 15,Peter Schmeichel,1998
3,Liverpool,38,18,11,9,68,42,65,40628,Michael Owen - 18,David James,1998
4,Chelsea,38,20,3,15,71,43,63,33306,Tore André Flo - 11,Ed de Goey,1998
5,Leeds United,38,17,8,13,57,46,59,34444,Jimmy Floyd Hasselbaink - 16,Nigel Martyn,1998
6,Blackburn,38,16,10,12,57,52,58,25028,Chris Sutton - 18,Tim Flowers,1998
7,Aston Villa,38,17,6,15,49,48,57,35956,Dwight Yorke - 12,Mark Bosnich,1998
8,West Ham,38,16,8,14,56,57,56,24921,John Hartson - 15,Luděk Mikloško Craig Forrest,1998
9,Derby County,38,16,7,15,52,49,55,29027,Paulo Wanchope - 13,Mart Poom,1998
10,Leicester City,38,13,14,11,51,41,53,20615,Emile Heskey - 10,Kasey Keller,1998
11,Coventry City,38,12,16,10,46,44,52,19722,Dion Dublin - 18,Steve Ogrizovic,1998
12,Southampton,38,14,6,18,50,55,48,15159,Egil Østenstad Matt Le Tissier - 11,Paul Jones,1998
13,Newcastle Utd,38,11,11,16,35,44,44,36663,John Barnes - 6,Shay Given,1998
14,Tottenham,38,11,11,16,44,56,44,28763,Jürgen Klinsmann - 9,Ian Walker,1998
15,Wimbledon,38,10,14,14,34,46,44,16682,Efan Ekoku Carl Leaburn... - 4,Neil Sullivan,1998
16,Sheffield Weds,38,12,8,18,52,67,44,28706,Paolo Di Canio - 12,Kevin Pressman,1998
17,Everton,38,9,13,16,41,56,40,35090,Duncan Ferguson - 11,Thomas Myhre,1998
18,Bolton,38,9,13,16,41,61,40,24352,Nathan Blake - 12,Keith Branagan,1998
19,Barnsley,38,10,5,23,37,82,35,18428,Neil Redfearn - 10,Tony Bullock,1998
20,Crystal Palace,38,8,9,21,37,71,33,22266,Neil Shipperley - 7,Alan Miller,1998
1,Manchester Utd,38,22,13,3,80,37,79,55188,Dwight Yorke - 18,Peter Schmeichel,1999
2,Arsenal,38,22,12,4,59,17,78,38023,Nicolas Anelka - 17,David Seaman,1999
3,Chelsea,38,20,15,3,57,30,75,35278,Gianfranco Zola - 13,Ed de Goey,1999
4,Leeds United,38,18,13,7,62,34,67,35845,Jimmy Floyd Hasselbaink - 18,Nigel Martyn,1999
5,West Ham,38,16,9,13,46,53,57,25684,Ian Wright - 9,Shaka Hislop,1999
6,Aston Villa,38,15,10,13,51,46,55,37039,Julian Joachim - 14,Michael Oakes,1999
7,Liverpool,38,15,9,14,68,49,54,43321,Michael Owen - 17,David James,1999
8,Derby County,38,13,13,12,40,45,52,29195,Deon Burton Paulo Wanchope - 9,Russell Hoult,1999
9,Middlesbrough,38,12,15,11,48,54,51,34389,Hamilton Ricard - 15,Mark Schwarzer,1999
10,Leicester City,38,12,13,13,40,46,49,20469,Tony Cottee - 10,Kasey Keller,1999
11,Tottenham,38,11,14,13,47,50,47,34153,Steffen Iversen - 9,Ian Walker,1999
12,Sheffield Weds,38,13,7,18,41,42,46,26745,Benito Carbone - 8,Pavel Srníček,1999
13,Newcastle Utd,38,11,13,14,48,54,46,36882,Alan Shearer - 14,Shay Given,1999
14,Everton,38,11,10,17,42,47,43,36203,Kevin Campbell - 9,Thomas Myhre,1999
15,Coventry City,38,11,9,18,39,51,42,20805,Noel Whelan Darren Huckerby - 9,Magnus Hedman,1999
16,Wimbledon,38,10,12,16,40,63,42,18237,Marcus Gayle - 10,Neil Sullivan,1999
17,Southampton,38,11,8,19,37,64,41,15139,Egil Østenstad - 7,Paul Jones,1999
18,Charlton Ath,38,8,12,18,41,56,36,19823,Clive Mendonca - 8,Saša Ilić,1999
19,Blackburn,38,7,14,17,38,52,35,25761,Ashley Ward Kevin Gallacher - 5,John Filan,1999
20,Nott'ham Forest,38,7,9,22,35,69,30,24415,Dougie Freedman - 9,Dave Beasant,1999
1,Manchester Utd,38,28,7,3,97,45,91,55107,Dwight Yorke - 20,Mark Bosnich,2000
2,Arsenal,38,22,7,9,73,43,73,38033,Thierry Henry - 17,David Seaman,2000
3,Leeds United,38,21,6,11,58,43,69,39154,Michael Bridges - 19,Nigel Martyn,2000
4,Liverpool,38,19,10,9,51,30,67,41757,Michael Owen - 11,Sander Westerveld,2000
5,Chelsea,38,18,11,9,53,34,65,34533,Gus Poyet Tore André Flo - 10,Ed de Goey,2000
6,Aston Villa,38,15,13,10,46,35,58,31696,Dion Dublin - 12,David James,2000
7,Sunderland,38,16,10,12,57,56,58,39300,Kevin Phillips - 30,Thomas Sørensen,2000
8,Leicester City,38,16,7,15,55,55,55,18884,Tony Cottee - 13,Tim Flowers,2000
9,West Ham,38,15,10,13,52,53,55,25093,Paolo Di Canio - 16,Shaka Hislop,2000
10,Tottenham,38,15,8,15,57,49,53,31186,Steffen Iversen Chris Armstrong - 14,Ian Walker,2000
11,Newcastle Utd,38,14,10,14,63,54,52,36321,Alan Shearer - 23,Steve Harper,2000
12,Middlesbrough,38,14,10,14,46,52,52,33393,Hamilton Ricard - 12,Mark Schwarzer,2000
13,Everton,38,12,14,12,59,49,50,34827,Kevin Campbell - 12,Paul Gerrard,2000
14,Coventry City,38,12,8,18,47,54,44,20808,Robbie Keane - 12,Magnus Hedman,2000
15,Southampton,38,12,8,18,45,62,44,15131,Marians Pahars - 13,Paul Jones,2000
16,Derby County,38,9,11,18,44,57,38,29351,Rory Delap - 8,Mart Poom,2000
17,Bradford City,38,9,9,20,38,68,36,18030,Dean Windass - 10,Matt Clarke,2000
18,Wimbledon,38,7,12,19,46,74,33,17131,John Hartson Carl Cort - 9,Neil Sullivan,2000
19,Sheffield Weds,38,8,7,23,38,70,31,24855,Gilles De Bilde - 10,Pavel Srníček,2000
20,Watford,38,6,6,26,35,77,24,19431,Heiðar Helguson - 6,Alec Chamberlain,2000
1,Manchester Utd,38,24,8,6,79,31,80,67489,Teddy Sheringham - 15,Fabien Barthez,2001
2,Arsenal,38,20,10,8,63,38,70,37974,Thierry Henry - 17,David Seaman,2001
3,Liverpool,38,20,9,9,71,39,69,43698,Michael Owen - 16,Sander Westerveld,2001
4,Leeds United,38,20,8,10,64,43,68,38974,Mark Viduka - 17,Nigel Martyn,2001
5,Ipswich Town,38,20,6,12,57,42,66,22532,Marcus Stewart - 19,Richard Wright,2001
6,Chelsea,38,17,10,11,68,45,61,34700,Jimmy Floyd Hasselbaink - 23,Carlo Cudicini,2001
7,Sunderland,38,15,12,11,46,41,57,46790,Kevin Phillips - 14,Thomas Sørensen,2001
8,Aston Villa,38,13,15,10,46,43,54,31522,Dion Dublin - 8,David James,2001
9,Charlton Ath,38,14,10,14,50,57,52,20022,Jonatan Johansson - 11,Dean Kiely,2001
10,Southampton,38,14,10,14,40,48,52,15115,James Beattie - 11,Paul Jones,2001
11,Newcastle Utd,38,14,9,15,44,50,51,51309,Carl Cort Nolberto Solano - 6,Shay Given,2001
12,Tottenham,38,13,10,15,47,54,49,35194,Les Ferdinand - 10,Neil Sullivan,2001
13,Leicester City,38,14,6,18,39,51,48,20452,Ade Akinbiyi - 9,Tim Flowers,2001
14,Middlesbrough,38,9,15,14,44,44,42,30747,Alen Bokšić - 12,Mark Schwarzer,2001
15,West Ham,38,10,12,16,45,50,42,25697,Frédéric Kanouté - 11,Shaka Hislop,2001
16,Everton,38,11,9,18,45,59,42,34130,Kevin Campbell - 9,Paul Gerrard,2001
17,Derby County,38,10,12,16,37,59,42,28550,Malcolm Christie - 8,Mart Poom,2001
18,Manchester City,38,8,10,20,41,65,34,34058,Paulo Wanchope - 9,Nicky Weaver,2001
19,Coventry City,38,8,10,20,36,63,34,20582,Craig Bellamy Mustapha Hadji... - 6,Chris Kirkland,2001
20,Bradford City,38,5,11,22,30,70,26,18510,Benito Carbone - 5,Gary Walsh,2001
1,Arsenal,38,26,9,3,79,36,87,38055,Thierry Henry - 24,David Seaman,2002
2,Liverpool,38,24,8,6,67,30,80,43389,Michael Owen - 19,Jerzy Dudek,2002
3,Manchester Utd,38,24,5,9,87,45,77,67558,Ruud van Nistelrooy - 23,Fabien Barthez,2002
4,Newcastle Utd,38,21,8,9,74,52,71,51373,Alan Shearer - 23,Shay Given,2002
5,Leeds United,38,18,12,8,53,37,66,39752,Robbie Fowler - 15,Nigel Martyn,2002
6,Chelsea,38,17,13,8,66,38,64,39030,Jimmy Floyd Hasselbaink - 23,Carlo Cudicini,2002
7,West Ham,38,15,8,15,48,57,53,31570,Frédéric Kanouté - 11,David James,2002
8,Aston Villa,38,12,14,12,46,47,50,35012,Darius Vassell Juan Pablo Ángel - 12,Peter Schmeichel,2002
9,Tottenham,38,14,8,16,49,53,50,35001,Teddy Sheringham Gus Poyet - 10,Neil Sullivan,2002
10,Blackburn,38,12,10,16,55,51,46,25973,Andy Cole - 13,Brad Friedel,2002
11,Southampton,38,12,9,17,46,54,45,30633,Marians Pahars - 14,Paul Jones,2002
12,Middlesbrough,38,12,9,17,35,47,45,28459,Alen Bokšić - 8,Mark Schwarzer,2002
13,Fulham,38,10,14,14,36,44,44,19389,Louis Saha Steed Malbranque... - 8,Edwin van der Sar,2002
14,Charlton Ath,38,10,14,14,38,49,44,24165,Jason Euell - 11,Dean Kiely,2002
15,Everton,38,11,10,17,45,57,43,33582,Tomasz Radzinski Duncan Ferguson - 6,Steve Simonsen,2002
16,Bolton,38,9,13,16,44,62,40,25098,Michael Ricketts - 12,Jussi Jääskeläinen,2002
17,Sunderland,38,10,10,18,29,51,40,46744,Kevin Phillips - 11,Thomas Sørensen,2002
18,Ipswich Town,38,9,9,20,41,64,36,24426,Marcus Bent - 9,Matteo Sereni,2002
19,Derby County,38,8,6,24,33,63,30,29785,Malcolm Christie Fabrizio Ravanelli - 9,Michael Oakes,2002
20,Leicester City,38,5,13,20,30,64,28,19835,Brian Deane - 7,Ian Walker,2002
1,Manchester Utd,38,25,8,5,74,34,83,67602,Ruud van Nistelrooy - 25,Fabien Barthez,2003
2,Arsenal,38,23,9,6,85,42,78,38042,Thierry Henry - 24,David Seaman,2003
3,Newcastle Utd,38,21,6,11,63,48,69,51923,Alan Shearer - 17,Shay Given,2003
4,Chelsea,38,19,10,9,68,38,67,39784,Gianfranco Zola - 14,Carlo Cudicini,2003
5,Liverpool,38,18,10,10,61,41,64,43243,Michael Owen - 19,Jerzy Dudek,2003
6,Blackburn,38,16,12,10,52,43,60,26226,Damien Duff - 9,Brad Friedel,2003
7,Everton,38,17,8,13,48,49,59,38491,Tomasz Radzinski - 12,Richard Wright,2003
8,Southampton,38,13,13,12,43,46,52,30680,James Beattie - 23,Antti Niemi,2003
9,Manchester City,38,15,6,17,47,54,51,34565,Nicolas Anelka - 14,Peter Schmeichel,2003
10,Tottenham,38,14,8,16,51,62,50,35897,Robbie Keane - 14,Kasey Keller,2003
11,Middlesbrough,38,13,10,15,48,44,49,31105,Massimo Maccarone - 9,Mark Schwarzer,2003
12,Charlton Ath,38,14,7,17,45,56,49,26256,Jason Euell - 10,Dean Kiely,2003
13,Birmingham City,38,13,9,16,41,49,48,28831,Clinton Morrison - 6,Nico Vaesen,2003
14,Fulham,38,13,9,16,41,50,48,16707,Steed Malbranque - 6,Edwin van der Sar,2003
15,Leeds United,38,14,5,19,58,57,47,39120,Mark Viduka - 20,Paul Robinson,2003
16,Aston Villa,38,12,9,17,42,47,45,34975,Dion Dublin - 10,Peter Enckelman,2003
17,Bolton,38,10,14,14,41,51,44,25017,Jay-Jay Okocha Youri Djorkaeff... - 7,Jussi Jääskeläinen,2003
18,West Ham,38,10,12,16,42,59,42,34432,Paolo Di Canio - 9,David James,2003
19,West Brom,38,6,8,24,29,65,26,26731,Scott Dobie Danny Dichio - 5,Russell Hoult,2003
20,Sunderland,38,4,7,27,21,65,19,39698,Kevin Phillips - 6,Thomas Sørensen,2003
1,Arsenal,38,26,12,0,73,26,90,38079,Thierry Henry - 30,Jens Lehmann,2004
2,Chelsea,38,24,7,7,67,30,79,41234,Jimmy Floyd Hasselbaink - 13,Carlo Cudicini,2004
3,Manchester Utd,38,23,6,9,64,35,75,67641,Ruud van Nistelrooy - 20,Tim Howard,2004
4,Liverpool,38,16,12,10,55,37,60,42677,Michael Owen - 16,Jerzy Dudek,2004
5,Newcastle Utd,38,13,17,8,52,40,56,51440,Alan Shearer - 22,Shay Given,2004
6,Aston Villa,38,15,11,12,48,44,56,36622,Juan Pablo Ángel - 16,Thomas Sørensen,2004
7,Charlton Ath,38,14,11,13,51,51,53,26293,Jason Euell - 10,Dean Kiely,2004
8,Bolton,38,14,11,13,48,56,53,26795,Kevin Davies Youri Djorkaeff... - 9,Jussi Jääskeläinen,2004
9,Fulham,38,14,10,14,52,46,52,16342,Louis Saha - 13,Edwin van der Sar,2004
10,Birmingham City,38,12,14,12,43,48,50,29073,Mikael Forssell - 17,Maik Taylor,2004
11,Middlesbrough,38,13,9,16,44,52,48,30418,Szilárd Németh - 9,Mark Schwarzer,2004
12,Southampton,38,12,11,15,44,45,47,31699,James Beattie - 14,Antti Niemi,2004
13,Portsmouth,38,12,9,17,47,54,45,20108,Yakubu Aiyegbeni - 16,Shaka Hislop,2004
14,Tottenham,38,13,6,19,47,57,45,34876,Robbie Keane - 14,Kasey Keller,2004
15,Blackburn,38,12,8,18,51,59,44,24376,Andy Cole - 11,Brad Friedel,2004
16,Manchester City,38,9,14,15,55,54,41,46834,Nicolas Anelka - 16,David Seaman,2004
17,Everton,38,9,12,17,45,57,39,38837,Wayne Rooney - 9,Nigel Martyn,2004
18,Leicester City,38,6,15,17,48,65,33,30893,Les Ferdinand - 12,Ian Walker,2004
19,Leeds United,38,8,9,21,40,79,33,36666,Mark Viduka - 11,Paul Robinson,2004
20,Wolves,38,7,12,19,38,77,33,28874,Henri Camara - 7,Paul Jones,2004
1,Chelsea,38,29,8,1,72,15,95,41870,Frank Lampard - 13,Petr Čech,2005
2,Arsenal,38,25,8,5,87,36,83,37979,Thierry Henry - 25,Jens Lehmann,2005
3,Manchester Utd,38,22,11,5,58,26,77,67871,Wayne Rooney - 11,Roy Carroll,2005
4,Everton,38,18,7,13,45,46,61,36834,Tim Cahill - 12,Nigel Martyn,2005
5,Liverpool,38,17,7,14,52,41,58,42587,Milan Baroš - 9,Jerzy Dudek,2005
6,Bolton,38,16,10,12,49,44,58,26006,El Hadji Diouf - 9,Jussi Jääskeläinen,2005
7,Middlesbrough,38,14,13,11,53,46,55,32012,Jimmy Floyd Hasselbaink - 13,Mark Schwarzer,2005
8,Manchester City,38,13,13,12,47,39,52,45192,Robbie Fowler Shaun Wright-Phillips - 10,David James,2005
9,Tottenham,38,14,10,14,47,41,52,35873,Jermain Defoe - 13,Paul Robinson,2005
10,Aston Villa,38,12,11,15,45,52,47,37354,Nolberto Solano - 8,Thomas Sørensen,2005
11,Charlton Ath,38,12,10,16,42,58,46,26401,Shaun Bartlett - 6,Dean Kiely,2005
12,Birmingham City,38,11,12,15,40,46,45,28760,Emile Heskey - 10,Maik Taylor,2005
13,Fulham,38,12,8,18,52,60,44,19838,Andy Cole - 12,Edwin van der Sar,2005
14,Newcastle Utd,38,10,14,14,47,57,44,51844,Alan Shearer Craig Bellamy - 7,Shay Given,2005
15,Blackburn,38,9,15,14,32,43,42,22315,Paul Dickov - 9,Brad Friedel,2005
16,Portsmouth,38,10,9,19,43,59,39,20072,Yakubu Aiyegbeni - 13,Shaka Hislop,2005
17,West Brom,38,6,16,16,36,61,34,25987,Robert Earnshaw - 11,Russell Hoult,2005
18,Crystal Palace,38,7,12,19,41,62,33,24108,Andrew Johnson - 21,Gábor Király,2005
19,Norwich City,38,7,12,19,42,77,33,24326,Damien Francis Leon McKenzie... - 7,Robert Green,2005
20,Southampton,38,6,14,18,45,66,32,30610,Peter Crouch - 12,Antti Niemi,2005
1,Chelsea,38,29,4,5,72,22,91,41902,Frank Lampard - 16,Petr Čech,2006
2,Manchester Utd,38,25,8,5,72,34,83,68765,Ruud van Nistelrooy - 21,Edwin van der Sar,2006
3,Liverpool,38,25,7,6,57,25,82,44236,Steven Gerrard - 10,Pepe Reina,2006
4,Arsenal,38,20,7,11,68,31,67,38184,Thierry Henry - 27,Jens Lehmann,2006
5,Tottenham,38,18,11,9,53,38,65,36074,Robbie Keane - 16,Paul Robinson,2006
6,Blackburn,38,19,6,13,51,42,63,21015,Craig Bellamy - 13,Brad Friedel,2006
7,Newcastle Utd,38,17,7,14,47,42,58,52032,Alan Shearer - 10,Shay Given,2006
8,Bolton,38,15,11,12,49,41,56,25455,Kevin Nolan Stelios Giannakopoulos - 9,Jussi Jääskeläinen,2006
9,West Ham,38,16,7,15,52,55,55,33743,Marlon Harewood - 14,Roy Carroll,2006
10,Wigan Athletic,38,15,6,17,45,52,51,20610,Henri Camara - 12,Mike Pollitt,2006
11,Everton,38,14,8,16,34,49,50,36860,James Beattie - 10,Nigel Martyn,2006
12,Fulham,38,14,6,18,48,58,48,20654,Collins John - 11,Tony Warner,2006
13,Charlton Ath,38,13,8,17,41,55,47,26196,Darren Bent - 18,Thomas Myhre,2006
14,Middlesbrough,38,12,9,17,48,58,45,28463,Yakubu Aiyegbeni - 13,Mark Schwarzer,2006
15,Manchester City,38,13,4,21,43,48,43,42056,Andy Cole - 9,David James,2006
16,Aston Villa,38,10,12,16,42,55,42,34112,Milan Baroš Luke Moore - 8,Thomas Sørensen,2006
17,Portsmouth,38,10,8,20,37,62,38,19840,Lomana LuaLua - 7,Dean Kiely,2006
18,Birmingham City,38,8,10,20,28,50,34,27392,Jiří Jarošík - 5,Maik Taylor,2006
19,West Brom,38,7,9,22,31,58,30,25404,Nathan Ellington Nwankwo Kanu - 5,Tomasz Kuszczak,2006
20,Sunderland,38,3,6,29,26,69,15,33904,Liam Lawrence Tommy Miller... - 3,Kelvin Davis,2006
1,Manchester Utd,38,28,5,5,83,27,89,75826,Cristiano Ronaldo - 17,Edwin van der Sar,2007
2,Chelsea,38,24,11,3,64,24,83,41542,Didier Drogba - 20,Petr Čech,2007
3,Liverpool,38,20,8,10,57,27,68,43561,Dirk Kuyt - 12,Pepe Reina,2007
4,Arsenal,38,19,11,8,63,35,68,60140,Robin van Persie - 11,Jens Lehmann,2007
5,Tottenham,38,17,9,12,57,54,60,35739,Dimitar Berbatov - 12,Paul Robinson,2007
6,Everton,38,15,13,10,52,36,58,36739,Andrew Johnson - 11,Tim Howard,2007
7,Bolton,38,16,8,14,47,52,56,23606,Nicolas Anelka - 11,Jussi Jääskeläinen,2007
8,Reading,38,16,7,15,52,47,55,23829,Kevin Doyle - 13,Marcus Hahnemann,2007
9,Portsmouth,38,14,12,12,45,42,54,19862,Nwankwo Kanu - 10,David James,2007
10,Blackburn,38,15,7,16,52,54,52,21271,Benni McCarthy - 18,Brad Friedel,2007
11,Aston Villa,38,11,17,10,43,41,50,36214,Gabby Agbonlahor - 9,Thomas Sørensen,2007
12,Middlesbrough,38,12,10,16,44,49,46,27730,Mark Viduka - 14,Mark Schwarzer,2007
13,Newcastle Utd,38,11,10,17,38,47,43,50686,Obafemi Martins - 11,Shay Given,2007
14,Manchester City,38,11,9,18,29,44,42,39997,Joey Barton - 6,Nicky Weaver,2007
15,West Ham,38,12,5,21,35,59,41,34722,Bobby Zamora - 11,Robert Green,2007
16,Fulham,38,8,15,15,38,60,39,22279,Brian McBride - 9,Antti Niemi,2007
17,Wigan Athletic,38,10,8,20,37,59,38,18159,Emile Heskey - 9,Chris Kirkland,2007
18,Sheffield Utd,38,10,8,20,32,55,38,30684,Rob Hulse - 8,Paddy Kenny,2007
19,Charlton Ath,38,8,10,20,34,60,34,26195,Darren Bent - 13,Scott Carson,2007
20,Watford,38,5,13,20,29,59,28,18750,Hameur Bouazza - 5,Ben Foster,2007
1,Manchester Utd,38,27,6,5,80,22,87,75691,Cristiano Ronaldo - 31,Edwin van der Sar,2008
2,Chelsea,38,25,10,3,65,26,85,41397,Frank Lampard - 10,Petr Čech,2008
3,Arsenal,38,24,11,3,74,31,83,60070,Emmanuel Adebayor - 24,Manuel Almunia,2008
4,Liverpool,38,21,13,4,67,28,76,43532,Fernando Torres - 24,Pepe Reina,2008
5,Everton,38,19,8,11,55,33,65,36955,Yakubu Aiyegbeni - 15,Tim Howard,2008
6,Aston Villa,38,16,12,10,71,51,60,40345,John Carew - 13,Scott Carson,2008
7,Blackburn,38,15,13,10,50,48,58,23944,Roque Santa Cruz - 19,Brad Friedel,2008
8,Portsmouth,38,16,9,13,48,40,57,19914,Benjani Mwaruwari - 12,David James,2008
9,Manchester City,38,15,10,13,45,53,55,42126,Elano - 8,Joe Hart,2008
10,West Ham,38,13,10,15,42,50,49,34601,Dean Ashton - 10,Robert Green,2008
11,Tottenham,38,11,13,14,66,61,46,35967,Robbie Keane Dimitar Berbatov - 15,Paul Robinson,2008
12,Newcastle Utd,38,11,10,17,45,65,43,50488,Michael Owen - 11,Steve Harper,2008
13,Middlesbrough,38,10,12,16,43,53,42,26708,Stewart Downing - 9,Mark Schwarzer,2008
14,Wigan Athletic,38,10,10,18,34,51,40,19046,Marcus Bent - 7,Chris Kirkland,2008
15,Sunderland,38,11,6,21,36,59,39,43344,Kenwyne Jones - 7,Craig Gordon,2008
16,Bolton,38,9,10,19,36,54,37,20746,Nicolas Anelka - 10,Jussi Jääskeläinen,2008
17,Fulham,38,8,12,18,38,60,36,23773,Clint Dempsey - 6,Antti Niemi,2008
18,Reading,38,10,6,22,41,66,36,23585,Dave Kitson - 10,Marcus Hahnemann,2008
19,Birmingham City,38,8,11,19,46,62,35,26181,Mikael Forssell - 9,Maik Taylor,2008
20,Derby County,38,1,8,29,20,89,11,32432,Kenny Miller - 4,Stephen Bywater,2008
1,Manchester Utd,38,28,6,4,68,24,90,75304,Cristiano Ronaldo - 18,Edwin van der Sar,2009
2,Liverpool,38,25,11,2,77,27,86,43611,Steven Gerrard - 16,Pepe Reina,2009
3,Chelsea,38,25,8,5,68,24,83,41588,Nicolas Anelka - 19,Petr Čech,2009
4,Arsenal,38,20,12,6,68,37,72,60040,Robin van Persie - 11,Manuel Almunia,2009
5,Everton,38,17,12,9,55,37,63,35667,Marouane Fellaini Tim Cahill - 8,Tim Howard,2009
6,Aston Villa,38,17,11,10,54,48,62,39812,Gabby Agbonlahor - 12,Brad Friedel,2009
7,Fulham,38,14,11,13,39,34,53,24340,Clint Dempsey Andrew Johnson - 7,Mark Schwarzer,2009
8,Tottenham,38,14,9,15,45,45,51,35929,Darren Bent - 12,Heurelho Gomes,2009
9,West Ham,38,14,9,15,42,45,51,34227,Carlton Cole - 10,Robert Green,2009
10,Manchester City,38,15,5,18,58,50,50,43162,Robinho - 14,Joe Hart,2009
11,Wigan Athletic,38,12,9,17,34,45,45,18350,Amr Zaki - 10,Chris Kirkland,2009
12,Stoke City,38,12,9,17,38,55,45,26960,Ricardo Fuller - 11,Thomas Sørensen,2009
13,Bolton,38,11,8,19,41,53,41,22486,Kevin Davies - 11,Jussi Jääskeläinen,2009
14,Portsmouth,38,10,11,17,38,57,41,19830,Peter Crouch - 10,David James,2009
15,Blackburn,38,10,11,17,40,60,41,23481,Benni McCarthy - 10,Paul Robinson,2009
16,Sunderland,38,9,9,20,34,54,36,40163,Kenwyne Jones Djibril Cissé - 10,Márton Fülöp,2009
17,Hull City,38,8,11,19,39,64,35,24816,Geovanni - 8,Boaz Myhill,2009
18,Newcastle Utd,38,7,13,18,40,59,34,48750,Obafemi Martins Michael Owen - 8,Shay Given,2009
19,Middlesbrough,38,7,11,20,28,57,32,28429,Tuncay Şanlı - 7,Ross Turnbull,2009
20,West Brom,38,8,8,22,36,67,32,25828,Chris Brunt - 9,Scott Carson,2009
1,Chelsea,38,27,5,6,103,32,86,41423,Didier Drogba - 29,Petr Čech,2010
2,Manchester Utd,38,27,4,7,86,28,85,74864,Wayne Rooney - 26,Edwin van der Sar,2010
3,Arsenal,38,23,6,9,83,41,75,59927,Cesc Fàbregas - 15,Manuel Almunia,2010
4,Tottenham,38,21,7,10,67,41,70,35794,Jermain Defoe - 18,Heurelho Gomes,2010
5,Manchester City,38,18,13,7,73,45,67,45470,Carlos Tevez - 23,Shay Given,2010
6,Aston Villa,38,17,13,8,52,39,64,38573,Gabby Agbonlahor - 13,Brad Friedel,2010
7,Liverpool,38,18,9,11,61,35,63,42864,Fernando Torres - 18,Pepe Reina,2010
8,Everton,38,16,13,9,60,49,61,36725,Louis Saha - 13,Tim Howard,2010
9,Birmingham City,38,13,11,14,38,47,50,25246,Cameron Jerome - 10,Joe Hart,2010
10,Blackburn,38,13,11,14,41,55,50,25428,David Dunn - 9,Paul Robinson,2010
11,Stoke City,38,11,14,13,34,48,47,27162,Matthew Etherington - 5,Thomas Sørensen,2010
12,Fulham,38,12,10,16,39,46,46,23909,Bobby Zamora - 8,Mark Schwarzer,2010
13,Sunderland,38,11,11,16,48,56,44,38337,Darren Bent - 24,Craig Gordon,2010
14,Bolton,38,10,9,19,42,67,39,22200,Matthew Taylor Ivan Klasnić - 8,Jussi Jääskeläinen,2010
15,Wolves,38,9,11,18,32,56,38,28366,Kevin Doyle - 9,Marcus Hahnemann,2010
16,Wigan Athletic,38,9,9,20,37,79,36,18006,Hugo Rodallega - 10,Chris Kirkland,2010
17,West Ham,38,8,11,19,47,66,35,33683,Carlton Cole - 10,Robert Green,2010
18,Burnley,38,8,6,24,42,82,30,20654,Steven Fletcher - 8,Brian Jensen,2010
19,Hull City,38,6,12,20,34,75,30,24390,Stephen Hunt - 6,Boaz Myhill,2010
20,Portsmouth,38,7,7,24,34,66,19,18249,Aruna Dindane - 8,David James,2010
1,Manchester Utd,38,23,11,4,78,37,80,75109,Dimitar Berbatov - 20,Edwin van der Sar,2011
2,Chelsea,38,21,8,9,69,33,71,41435,Florent Malouda - 13,Petr Čech,2011
3,Manchester City,38,21,8,9,60,33,71,45905,Carlos Tevez - 20,Joe Hart,2011
4,Arsenal,38,19,11,8,72,43,68,60025,Robin van Persie - 18,Wojciech Szczęsny,2011
5,Tottenham,38,16,14,8,55,46,62,35704,Rafael van der Vaart - 13,Heurelho Gomes,2011
6,Liverpool,38,17,7,14,59,44,58,42820,Dirk Kuyt - 13,Pepe Reina,2011
7,Everton,38,13,15,10,51,45,54,36039,Tim Cahill - 9,Tim Howard,2011
8,Fulham,38,11,16,11,49,43,49,25043,Clint Dempsey - 12,Mark Schwarzer,2011
9,Aston Villa,38,12,12,14,48,59,48,37194,Darren Bent - 9,Brad Friedel,2011
10,Sunderland,38,12,11,15,45,56,47,40011,Asamoah Gyan - 10,Simon Mignolet,2011
11,West Brom,38,12,11,15,56,71,47,24683,Peter Odemwingie - 15,Scott Carson,2011
12,Newcastle Utd,38,11,13,14,56,57,46,47718,Kevin Nolan - 12,Tim Krul,2011
13,Stoke City,38,13,7,18,46,48,46,26858,Kenwyne Jones - 9,Asmir Begović,2011
14,Bolton,38,12,10,16,52,56,46,22870,Johan Elmander - 10,Jussi Jääskeläinen,2011
15,Blackburn,38,11,10,17,46,59,43,25000,Nikola Kalinić Jason Roberts... - 5,Paul Robinson,2011
16,Wigan Athletic,38,9,15,14,40,61,42,16812,Hugo Rodallega Charles N'Zogbia - 9,Ali Al-Habsi,2011
17,Wolves,38,11,7,20,46,66,40,27925,Steven Fletcher - 10,Wayne Hennessey,2011
18,Birmingham City,38,8,15,15,37,58,39,25462,Craig Gardner - 8,Ben Foster,2011
19,Blackpool,38,10,9,19,55,78,39,15775,DJ Campbell - 13,Richard Kingson,2011
20,West Ham,38,7,12,19,43,70,33,33492,Demba Ba - 7,Robert Green,2011
1,Manchester City,38,28,5,5,93,29,89,47045,Sergio Agüero - 23,Joe Hart,2012
2,Manchester Utd,38,28,5,5,89,33,89,75387,Wayne Rooney - 27,David de Gea,2012
3,Arsenal,38,21,7,10,74,49,70,60000,Robin van Persie - 30,Wojciech Szczęsny,2012
4,Tottenham,38,20,9,9,66,41,69,36036,Emmanuel Adebayor - 17,Brad Friedel,2012
5,Newcastle Utd,38,19,8,11,56,51,65,49951,Demba Ba - 16,Tim Krul,2012
6,Chelsea,38,18,10,10,65,46,64,41484,Frank Lampard Daniel Sturridge - 11,Petr Čech,2012
7,Everton,38,15,11,12,50,40,56,33228,Nikica Jelavić - 9,Tim Howard,2012
8,Liverpool,38,14,10,14,47,40,52,44253,Luis Suárez - 11,Pepe Reina,2012
9,Fulham,38,14,10,14,48,51,52,25399,Clint Dempsey - 17,Mark Schwarzer,2012
10,West Brom,38,13,8,17,45,52,47,24770,Peter Odemwingie - 10,Ben Foster,2012
11,Swansea City,38,12,11,15,44,51,47,19946,Danny Graham - 12,Michel Vorm,2012
12,Norwich City,38,12,11,15,52,66,47,26606,Grant Holt - 15,John Ruddy,2012
13,Sunderland,38,11,12,15,45,46,45,39047,Nicklas Bendtner - 8,Simon Mignolet,2012
14,Stoke City,38,11,12,15,36,53,45,27226,Peter Crouch - 10,Asmir Begović,2012
15,Wigan Athletic,38,11,10,17,42,62,43,18634,Franco Di Santo - 7,Ali Al-Habsi,2012
16,Aston Villa,38,7,17,14,37,53,38,33883,Darren Bent - 9,Shay Given,2012
17,QPR,38,10,7,21,43,66,37,17295,Heiðar Helguson - 8,Paddy Kenny,2012
18,Bolton,38,10,6,22,46,77,36,23670,Ivan Klasnić - 8,Ádám Bogdán,2012
19,Blackburn,38,8,7,23,48,78,31,22551,Yakubu Aiyegbeni - 17,Paul Robinson,2012
20,Wolves,38,5,10,23,40,82,25,25677,Steven Fletcher - 12,Wayne Hennessey,2012
1,Manchester Utd,38,28,5,5,86,43,89,75530,Robin van Persie - 26,David de Gea,2013
2,Manchester City,38,23,9,6,66,34,78,46974,Edin Džeko - 14,Joe Hart,2013
3,Chelsea,38,22,9,7,75,39,75,41462,Frank Lampard - 15,Petr Čech,2013
4,Arsenal,38,21,10,7,72,37,73,60079,Theo Walcott - 14,Wojciech Szczęsny,2013
5,Tottenham,38,21,9,8,66,46,72,36066,Gareth Bale - 21,Hugo Lloris,2013
6,Everton,38,16,15,7,55,40,63,36356,Marouane Fellaini - 11,Tim Howard,2013
7,Liverpool,38,16,13,9,71,43,61,44749,Luis Suárez - 23,Pepe Reina,2013
8,West Brom,38,14,7,17,53,57,49,25202,Romelu Lukaku - 17,Ben Foster,2013
9,Swansea City,38,11,13,14,47,51,46,20476,Michu - 18,Michel Vorm,2013
10,West Ham,38,12,10,16,45,53,46,34717,Kevin Nolan - 10,Jussi Jääskeläinen,2013
11,Norwich City,38,10,14,14,41,58,44,26672,Grant Holt - 8,Mark Bunn,2013
12,Fulham,38,11,10,17,50,60,43,25423,Dimitar Berbatov - 15,Mark Schwarzer,2013
13,Stoke City,38,9,15,14,34,45,42,26722,Jonathan Walters - 8,Asmir Begović,2013
14,Southampton,38,9,14,15,49,60,41,30855,Rickie Lambert - 15,Artur Boruc,2013
15,Aston Villa,38,10,11,17,47,69,41,35060,Christian Benteke - 19,Brad Guzan,2013
16,Newcastle Utd,38,11,8,19,45,68,41,50517,Demba Ba - 13,Tim Krul,2013
17,Sunderland,38,9,12,17,41,54,39,40563,Steven Fletcher - 11,Simon Mignolet,2013
18,Wigan Athletic,38,9,9,20,47,73,36,19359,Arouna Koné - 11,Ali Al-Habsi,2013
19,Reading,38,6,10,22,43,73,28,23862,Adam le Fondre - 12,Adam Federici,2013
20,QPR,38,4,13,21,30,60,25,17779,Loïc Rémy - 6,Júlio César,2013
1,Manchester City,38,27,5,6,102,37,86,47075,Yaya Touré - 20,Joe Hart,2014
2,Liverpool,38,26,6,6,101,50,84,44671,Luis Suárez - 31,Simon Mignolet,2014
3,Chelsea,38,25,7,6,71,27,82,41482,Eden Hazard - 14,Petr Čech,2014
4,Arsenal,38,24,7,7,68,41,79,60013,Olivier Giroud - 16,Wojciech Szczęsny,2014
5,Everton,38,21,9,8,61,39,72,37732,Romelu Lukaku - 15,Tim Howard,2014
6,Tottenham,38,21,6,11,55,51,69,35808,Emmanuel Adebayor - 11,Hugo Lloris,2014
7,Manchester Utd,38,19,7,12,64,43,64,75207,Wayne Rooney - 17,David de Gea,2014
8,Southampton,38,15,11,12,54,46,56,30212,Jay Rodriguez - 15,Artur Boruc,2014
9,Stoke City,38,13,11,14,45,52,50,26137,Charlie Adam Peter Crouch - 8,Asmir Begović,2014
10,Newcastle Utd,38,15,4,19,43,59,49,50395,Loïc Rémy - 14,Tim Krul,2014
11,Crystal Palace,38,13,6,19,33,48,45,24375,Dwight Gayle Jason Puncheon - 7,Julián Speroni,2014
12,Swansea City,38,11,9,18,54,54,42,20407,Wilfried Bony - 16,Michel Vorm,2014
13,West Ham,38,11,7,20,40,51,40,34197,Kevin Nolan - 7,Adrián,2014
14,Sunderland,38,10,8,20,41,60,38,41090,Adam Johnson - 8,Vito Mannone,2014
15,Aston Villa,38,10,8,20,39,61,38,36081,Christian Benteke - 10,Brad Guzan,2014
16,Hull City,38,10,7,21,38,53,37,24117,Nikica Jelavić - 5,Allan McGregor,2014
17,West Brom,38,7,15,16,43,59,36,25194,Stéphane Sessègnon Saido Berahino - 5,Ben Foster,2014
18,Norwich City,38,8,9,21,28,62,33,26805,Gary Hooper Robert Snodgrass - 6,John Ruddy,2014
19,Fulham,38,9,5,24,40,85,32,24977,Steve Sidwell - 7,David Stockdale,2014
20,Cardiff City,38,7,9,22,32,74,30,27430,Jordon Mutch - 7,David Marshall,2014
1,Chelsea,38,26,9,3,73,32,87,41546,Diego Costa - 20,Thibaut Courtois,2015
2,Manchester City,38,24,7,7,83,38,79,45365,Sergio Agüero - 26,Joe Hart,2015
3,Arsenal,38,22,9,7,71,36,75,59992,Alexis Sánchez - 16,David Ospina,2015
4,Manchester Utd,38,20,10,8,62,37,70,75335,Wayne Rooney - 12,David de Gea,2015
5,Tottenham,38,19,7,12,58,53,64,35728,Harry Kane - 21,Hugo Lloris,2015
6,Liverpool,38,18,8,12,52,48,62,44659,Steven Gerrard - 9,Simon Mignolet,2015
7,Southampton,38,18,6,14,54,33,60,30741,Graziano Pellè - 12,Fraser Forster,2015
8,Swansea City,38,16,8,14,46,49,56,20555,Wilfried Bony - 9,Łukasz Fabiański,2015
9,Stoke City,38,15,9,14,48,45,54,27081,Mame Biram Diouf - 11,Asmir Begović,2015
10,Crystal Palace,38,13,9,16,47,51,48,24421,Glenn Murray - 7,Julián Speroni,2015
11,Everton,38,12,11,15,48,50,47,37406,Romelu Lukaku - 10,Tim Howard,2015
12,West Ham,38,12,11,15,44,47,47,34846,Diafra Sakho - 10,Adrián,2015
13,West Brom,38,11,11,16,38,51,44,25064,Saido Berahino - 14,Ben Foster,2015
14,Leicester City,38,11,8,19,46,55,41,31693,Leonardo Ulloa - 11,Kasper Schmeichel,2015
15,Newcastle Utd,38,10,9,19,40,63,39,50359,Papiss Cissé - 11,Tim Krul,2015
16,Sunderland,38,7,17,14,31,53,38,43157,Connor Wickham Steven Fletcher - 5,Costel Pantilimon,2015
17,Aston Villa,38,10,8,20,31,57,38,34133,Christian Benteke - 13,Brad Guzan,2015
18,Hull City,38,8,11,19,33,51,35,23557,Nikica Jelavić - 8,Allan McGregor,2015
19,Burnley,38,7,12,19,28,53,33,19131,Danny Ings - 11,Tom Heaton,2015
20,QPR,38,8,6,24,42,73,30,17809,Charlie Austin - 18,Robert Green,2015
1,Leicester City,38,23,12,3,68,36,81,31998,Jamie Vardy - 24,Kasper Schmeichel,2016
2,Arsenal,38,20,11,7,65,36,71,59944,Olivier Giroud - 16,Petr Čech,2016
3,Tottenham,38,19,13,6,69,35,70,35776,Harry Kane - 25,Hugo Lloris,2016
4,Manchester City,38,19,9,10,71,41,66,54041,Sergio Agüero - 24,Joe Hart,2016
5,Manchester Utd,38,19,9,10,49,35,66,75286,Anthony Martial - 11,David de Gea,2016
6,Southampton,38,18,9,11,59,41,63,30751,Sadio Mané Graziano Pellè - 11,Fraser Forster,2016
7,West Ham,38,16,14,8,65,51,62,34910,Dimitri Payet Andy Carroll - 9,Adrián,2016
8,Liverpool,38,16,12,10,63,50,60,43910,Roberto Firmino - 10,Simon Mignolet,2016
9,Stoke City,38,14,9,15,41,55,51,27534,Marko Arnautović - 11,Jack Butland,2016
10,Chelsea,38,12,14,12,59,53,50,41500,Diego Costa - 12,Thibaut Courtois,2016
11,Everton,38,11,14,13,59,55,47,38124,Romelu Lukaku - 18,Tim Howard,2016
12,Swansea City,38,12,11,15,42,52,47,20711,André Ayew - 12,Łukasz Fabiański,2016
13,Watford,38,12,9,17,40,50,45,20594,Odion Ighalo - 15,Heurelho Gomes,2016
14,West Brom,38,10,13,15,34,48,43,24631,Salomón Rondón - 9,Boaz Myhill,2016
15,Crystal Palace,38,11,9,18,39,51,42,24825,Yannick Bolasie Connor Wickham... - 5,Wayne Hennessey,2016
16,Bournemouth,38,11,9,18,45,67,42,11189,Joshua King - 6,Artur Boruc,2016
17,Sunderland,38,9,12,17,48,62,39,43071,Jermain Defoe - 15,Vito Mannone,2016
18,Newcastle Utd,38,9,10,19,44,65,37,49754,Georginio Wijnaldum - 11,Rob Elliot,2016
19,Norwich City,38,9,7,22,39,67,34,26972,Dieumerci Mbokani - 7,John Ruddy,2016
20,Aston Villa,38,3,8,27,27,76,17,33690,Jordan Ayew - 7,Brad Guzan,2016
1,Chelsea,38,30,3,5,85,33,93,41508,Diego Costa - 20,Thibaut Courtois,2017
2,Tottenham,38,26,8,4,86,26,86,31639,Harry Kane - 29,Hugo Lloris,2017
3,Manchester City,38,23,9,6,80,39,78,54019,Sergio Agüero - 20,Claudio Bravo,2017
4,Liverpool,38,22,10,6,78,42,76,53016,Philippe Coutinho Sadio Mané - 13,Simon Mignolet,2017
5,Arsenal,38,23,6,9,77,44,75,59957,Alexis Sánchez - 24,Petr Čech,2017
6,Manchester Utd,38,18,15,5,54,29,69,75290,Zlatan Ibrahimović - 17,David de Gea,2017
7,Everton,38,17,10,11,62,44,61,39047,Romelu Lukaku - 25,Joel Robles,2017
8,Southampton,38,12,10,16,41,48,46,30936,Nathan Redmond - 7,Fraser Forster,2017
9,Bournemouth,38,12,10,16,55,67,46,11182,Joshua King - 16,Artur Boruc,2017
10,West Brom,38,12,9,17,43,51,45,23876,Salomón Rondón - 8,Ben Foster,2017
11,West Ham,38,12,9,17,47,64,45,56972,Michail Antonio - 9,Darren Randolph,2017
12,Leicester City,38,12,8,18,48,63,44,31893,Jamie Vardy - 13,Kasper Schmeichel,2017
13,Stoke City,38,11,11,16,41,56,44,27433,Peter Crouch - 7,Lee Grant,2017
14,Crystal Palace,38,12,5,21,50,63,41,25161,Christian Benteke - 15,Wayne Hennessey,2017
15,Swansea City,38,12,5,21,45,70,41,20619,Fernando Llorente - 15,Łukasz Fabiański,2017
16,Burnley,38,11,7,20,39,55,40,20558,Sam Vokes - 10,Tom Heaton,2017
17,Watford,38,11,7,20,40,68,40,20571,Troy Deeney - 10,Heurelho Gomes,2017
18,Hull City,38,9,7,22,37,80,34,20761,Robert Snodgrass - 7,Eldin Jakupović,2017
19,Middlesbrough,38,5,13,20,27,53,28,30449,Álvaro Negredo - 9,Víctor Valdés,2017
20,Sunderland,38,6,6,26,29,69,24,41287,Jermain Defoe - 15,Jordan Pickford,2017
1,Manchester City,38,32,4,2,106,27,100,54070,Sergio Agüero - 21,Ederson,2018
2,Manchester Utd,38,25,6,7,68,28,81,74976,Romelu Lukaku - 16,David de Gea,2018
3,Tottenham,38,23,8,7,74,36,77,67953,Harry Kane - 30,Hugo Lloris,2018
4,Liverpool,38,21,12,5,84,38,75,53049,Mohamed Salah - 32,Loris Karius Simon Mignolet,2018
5,Chelsea,38,21,7,10,62,38,70,41282,Eden Hazard - 12,Thibaut Courtois,2018
6,Arsenal,38,19,6,13,74,51,63,59323,Alexandre Lacazette - 14,Petr Čech,2018
7,Burnley,38,14,12,12,36,39,54,20688,Chris Wood - 10,Nick Pope,2018
8,Everton,38,13,10,15,44,58,49,38797,Wayne Rooney - 10,Jordan Pickford,2018
9,Leicester City,38,12,11,15,56,60,47,31583,Jamie Vardy - 20,Kasper Schmeichel,2018
10,Newcastle Utd,38,12,8,18,39,47,44,51992,Ayoze Pérez - 8,Rob Elliot,2018
11,Crystal Palace,38,11,11,16,45,55,44,25063,Luka Milivojević - 10,Wayne Hennessey,2018
12,Bournemouth,38,11,11,16,45,61,44,10641,Callum Wilson Joshua King - 8,Asmir Begović,2018
13,West Ham,38,10,12,16,48,68,42,56885,Marko Arnautović - 11,Joe Hart Adrián,2018
14,Watford,38,11,8,19,44,64,41,20231,Abdoulaye Doucouré - 7,Heurelho Gomes,2018
15,Brighton,38,9,13,16,34,54,40,30403,Glenn Murray - 12,Mathew Ryan,2018
16,Huddersfield,38,9,10,19,28,58,37,24040,Steve Mounié - 7,Jonas Lössl,2018
17,Southampton,38,7,15,16,37,56,36,30794,Charlie Austin - 7,Fraser Forster,2018
18,Swansea City,38,8,9,21,28,56,33,20623,Jordan Ayew - 7,Łukasz Fabiański,2018
19,Stoke City,38,7,12,19,35,68,33,29280,Xherdan Shaqiri - 8,Jack Butland,2018
20,West Brom,38,6,13,19,31,56,31,24520,Salomón Rondón Jay Rodriguez - 7,Ben Foster,2018
1,Manchester City,38,32,2,4,95,23,98,54130,Sergio Agüero - 21,Ederson,2019
2,Liverpool,38,30,7,1,89,22,97,52983,Sadio Mané Mohamed Salah - 22,Alisson,2019
3,Chelsea,38,21,9,8,63,39,72,40437,Eden Hazard - 16,Kepa Arrizabalaga,2019
4,Tottenham,38,23,2,13,67,39,71,54216,Harry Kane - 17,Hugo Lloris,2019
5,Arsenal,38,21,7,10,73,51,70,59899,Pierre-Emerick Aubameyang - 22,Bernd Leno,2019
6,Manchester Utd,38,19,9,10,65,54,66,74498,Paul Pogba - 13,David de Gea,2019
7,Wolves,38,16,9,13,47,46,57,31030,Raúl Jiménez - 13,Rui Patrício,2019
8,Everton,38,15,9,14,54,46,54,39043,Gylfi Sigurðsson Richarlison - 13,Jordan Pickford,2019
9,Leicester City,38,15,7,16,51,48,52,31851,Jamie Vardy - 18,Kasper Schmeichel,2019
10,West Ham,38,15,7,16,52,55,52,58336,Marko Arnautović - 10,Łukasz Fabiański,2019
11,Watford,38,14,8,16,52,59,50,20016,Gerard Deulofeu - 10,Ben Foster,2019
12,Crystal Palace,38,14,7,17,51,53,49,25455,Luka Milivojević - 12,Vicente Guaita,2019
13,Newcastle Utd,38,12,9,17,42,48,45,51121,Ayoze Pérez - 12,Martin Dúbravka,2019
14,Bournemouth,38,13,6,19,56,70,45,10532,Callum Wilson - 14,Asmir Begović,2019
15,Burnley,38,11,7,20,45,68,40,20534,Ashley Barnes - 12,Tom Heaton Joe Hart,2019
16,Southampton,38,9,12,17,45,65,39,30139,James Ward-Prowse Danny Ings - 7,Alex McCarthy,2019
17,Brighton,38,9,9,20,35,60,36,30426,Glenn Murray - 13,Mathew Ryan,2019
18,Cardiff City,38,10,4,24,34,69,34,31408,Víctor Camarasa Bobby Reid - 5,Neil Etheridge,2019
19,Fulham,38,7,5,26,34,81,26,24371,Aleksandar Mitrović - 11,Sergio Rico,2019
20,Huddersfield,38,3,7,28,22,76,16,23203,Aaron Mooy Mathias Jørgensen... - 3,Jonas Lössl,2019
1,Liverpool,38,32,3,3,85,33,99,41955,Mohamed Salah - 19,Alisson,2020
2,Manchester City,38,26,3,9,102,35,81,37097,Raheem Sterling - 20,Ederson,2020
3,Manchester Utd,38,18,12,8,66,36,66,57415,Marcus Rashford Anthony Martial - 17,David de Gea,2020
4,Chelsea,38,20,6,12,69,54,66,32023,Tammy Abraham - 15,Kepa Arrizabalaga,2020
5,Leicester City,38,18,8,12,67,41,62,25312,Jamie Vardy - 23,Kasper Schmeichel,2020
6,Tottenham,38,16,11,11,61,47,59,43757,Harry Kane - 18,Hugo Lloris,2020
7,Wolves,38,15,14,9,51,40,59,24758,Raúl Jiménez - 17,Rui Patrício,2020
8,Arsenal,38,14,14,10,56,48,56,47589,Pierre-Emerick Aubameyang - 22,Bernd Leno,2020
9,Sheffield Utd,38,14,12,12,39,39,54,24370,Oliver McBurnie Lys Mousset - 6,Dean Henderson,2020
10,Burnley,38,15,9,14,43,50,54,15995,Chris Wood - 14,Nick Pope,2020
11,Southampton,38,15,7,16,51,60,52,23428,Danny Ings - 22,Alex McCarthy,2020
12,Everton,38,13,10,15,44,56,49,28848,Dominic Calvert-Lewin Richarlison - 13,Jordan Pickford,2020
13,Newcastle Utd,38,11,11,16,38,58,44,35551,Jonjo Shelvey - 6,Martin Dúbravka,2020
14,Crystal Palace,38,11,10,17,31,50,43,19784,Jordan Ayew - 9,Vicente Guaita,2020
15,Brighton,38,9,14,15,39,54,41,22369,Neal Maupay - 10,Mathew Ryan,2020
16,West Ham,38,10,9,19,49,62,39,44155,Michail Antonio - 10,Łukasz Fabiański,2020
17,Aston Villa,38,9,8,21,41,67,35,28505,Jack Grealish - 8,Tom Heaton,2020
18,Bournemouth,38,9,7,22,40,65,34,7745,Callum Wilson - 8,Aaron Ramsdale,2020
19,Watford,38,8,10,20,36,64,34,15353,Troy Deeney - 10,Ben Foster,2020
20,Norwich City,38,5,6,27,26,75,21,19913,Teemu Pukki - 11,Tim Krul,2020