Player,Nation,Pos,Squad,90s,Cmp,Att,Cmp%,TotDist,PrgDist,Ast,xA,A-xA,KP,1/3,PPA,CrsPA,Prog
Patrick van Aanholt\Patrick-van-Aanholt,nl NED,DF,Crystal Palace,11.7,573,705,81.3,9485,4365,1,0.8,+0.2,11,43,21,4,76
Tammy Abraham\Tammy-Abraham,eng ENG,FW,Chelsea,10.6,138,201,68.7,1925,327,1,0.9,+0.1,8,12,2,0,11
Che Adams\Che-Adams,eng ENG,FW,Southampton,19,288,413,69.7,4739,1079,4,4.3,-0.3,22,20,12,0,38
Tosin Adarabioyo\Tosin-Adarabioyo,eng ENG,DF,Fulham,18,779,905,86.1,18458,6406,0,0.1,-0.1,3,39,2,0,36
Adrián\Adrian,es ESP,GK,Liverpool,2,43,62,69.4,1147,723,0,0,0,0,0,0,0,0
Sergio Agüero\Sergio-Aguero,ar ARG,FW,Manchester City,1.6,33,42,78.6,386,58,0,0.6,-0.6,3,2,1,0,1
Ola Aina\Ola-Aina,ng NGA,DF,Fulham,17.7,782,1013,77.2,15293,6132,0,0.3,-0.3,8,66,11,6,69
Rayan Aït Nouri\Rayan-Ait-Nouri,fr FRA,DF,Wolves,7.7,299,357,83.8,4712,1364,1,0.7,+0.3,6,13,6,3,18
Semi Ajayi\Semi-Ajayi,ng NGA,DF,West Brom,22,553,763,72.5,12087,5164,0,0.1,-0.1,2,50,3,0,46
Nathan Aké\Nathan-Ake,nl NED,DF,Manchester City,5.2,429,461,93.1,7845,2158,0,0,0,1,36,0,0,23
Marc Albrighton\Marc-Albrighton,eng ENG,FWDF,Leicester City,11.6,343,507,67.7,5965,2483,2,2.6,-0.6,18,33,25,11,52
Thiago Alcántara\Thiago-Alcantara,es ESP,MF,Liverpool,8.3,664,748,88.8,14012,3524,0,0.8,-0.8,12,85,10,1,83
Toby Alderweireld\Toby-Alderweireld,be BEL,DF,Tottenham,13.9,541,670,80.7,12608,3626,0,0.2,-0.2,3,45,4,1,31
Rúnar Alex Rúnarsson\Runar-Alex-Runarsson,is ISL,GK,Arsenal,0.2,7,11,63.6,126,51,0,0,0,0,0,0,0,0
Trent Alexander-Arnold\Trent-Alexander-Arnold,eng ENG,DF,Liverpool,19.5,1332,1733,76.9,28923,11190,3,2.7,+0.3,28,131,57,13,166
Ezgjan Alioski\Ezgjan-Alioski,mk MKD,DFMF,Leeds United,15,810,979,82.7,13090,4247,0,1.5,-1.5,15,58,17,7,60
Alisson\Alisson,br BRA,GK,Liverpool,19,545,639,85.3,14346,7498,0,0,0,0,4,0,0,0
Allan\Allan,br BRA,MF,Everton,11.4,467,538,86.8,8789,1888,0,0.3,-0.3,7,40,7,0,26
Dele Alli\Dele-Alli,eng ENG,MFFW,Tottenham,0.9,33,42,78.6,512,95,0,0,0,0,3,1,0,2
Miguel Almirón\Miguel-Almiron,py PAR,MFFW,Newcastle Utd,15.2,426,528,80.7,7365,1696,1,1.9,-0.9,20,35,19,7,40
Marcos Alonso\Marcos-Alonso,es ESP,DF,Chelsea,4.8,255,301,84.7,4312,1540,0,0.1,-0.1,4,9,2,0,23
Steven Alzate\Steven-Alzate,co COL,MF,Brighton,6.8,266,304,87.5,4872,918,0,0.4,-0.4,7,21,4,0,21
Daniel Amartey\Daniel-Amartey,gh GHA,DF,Leicester City,3.1,153,178,86,2831,844,0,0,0,0,7,0,0,11
Ethan Ampadu\Ethan-Ampadu,wal WAL,DFMF,Sheffield Utd,14.8,535,676,79.1,10680,3418,0,0.8,-0.8,8,54,13,1,58
Joachim Andersen\Joachim-Andersen,dk DEN,DF,Fulham,15.7,721,875,82.4,17389,4963,0,0.1,-0.1,2,50,4,0,52
Elliot Anderson\Elliot-Anderson,sco SCO,MF,Newcastle Utd,0,1,1,100,10,0,0,0,0,0,0,0,0,0
Felipe Anderson\Felipe-Anderson,br BRA,FWMF,West Ham,0,4,6,66.7,61,28,0,0,0,0,0,0,0,2
Michail Antonio\Michail-Antonio,eng ENG,FW,West Ham,11.9,152,244,62.3,2400,370,3,1.3,+1.7,12,12,3,0,10
Alphonse Areola\Alphonse-Areola,fr FRA,GK,Fulham,21,408,563,72.5,11789,7538,0,0,0,0,4,0,0,0
Stuart Armstrong\Stuart-Armstrong,sco SCO,MF,Southampton,16.5,506,646,78.3,7721,2243,2,1.4,+0.6,18,41,17,4,54
Kepa Arrizabalaga\Kepa-Arrizabalaga,es ESP,GK,Chelsea,3,84,106,79.2,2367,1222,0,0,0,0,1,0,0,0
Pierre-Emerick Aubameyang\Pierre-Emerick-Aubameyang,ga GAB,FW,Arsenal,17.5,367,487,75.4,5604,1150,1,1.5,-0.5,14,13,23,9,40
Serge Aurier\Serge-Aurier,ci CIV,DF,Tottenham,11.9,444,578,76.8,7235,3021,1,1.3,-0.3,7,13,16,6,40
Charlie Austin\Charlie-Austin,eng ENG,FW,West Brom,1.5,24,33,72.7,363,124,0,0,0,0,0,0,0,4
Jordan Ayew\Jordan-Ayew,gh GHA,FW,Crystal Palace,12.6,264,325,81.2,3653,657,2,0.3,+1.7,7,9,4,0,21
Luke Ayling\Luke-Ayling,eng ENG,DF,Leeds United,21.8,1345,1681,80,27495,10648,0,1.9,-1.9,19,122,23,8,141
César Azpilicueta\Cesar-Azpilicueta,es ESP,DF,Chelsea,11.6,869,1012,85.9,15723,5575,1,0.6,+0.4,11,75,12,3,57
Eric Bailly\Eric-Bailly,ci CIV,DF,Manchester Utd,6.1,288,321,89.7,5883,1953,0,0,0,0,22,0,0,18
Fabián Balbuena\Fabian-Balbuena,py PAR,DF,West Ham,12,319,420,76,7819,3040,0,0,0,0,29,0,0,27
George Baldock\George-Baldock,eng ENG,DF,Sheffield Utd,18.5,538,706,76.2,8164,2814,1,1.3,-0.3,12,26,21,6,38
Gareth Bale\Gareth-Bale,wal WAL,FW,Tottenham,2.6,52,89,58.4,1034,360,0,0.3,-0.3,4,5,1,0,5
Patrick Bamford\Patrick-Bamford,eng ENG,FW,Leeds United,20.8,236,304,77.6,3242,448,5,2.5,+2.5,15,11,8,2,13
Phil Bardsley\Phil-Bardsley,sco SCO,DF,Burnley,3,116,163,71.2,2256,949,0,0,0,0,9,6,1,11
Ross Barkley\Ross-Barkley,eng ENG,MF,Aston Villa,10.2,332,408,81.4,6137,1568,1,2.6,-1.6,25,30,15,0,44
Ross Barkley\Ross-Barkley,eng ENG,MF,Chelsea,0.5,22,26,84.6,441,72,0,0.1,-0.1,1,2,1,0,2
Ashley Barnes\Ashley-Barnes,eng ENG,FW,Burnley,12.4,163,252,64.7,2147,493,0,0.6,-0.6,11,11,7,1,17
Harvey Barnes\Harvey-Barnes,eng ENG,FWMF,Leicester City,19.1,416,562,74,6361,1546,3,0.9,+2.1,19,33,15,1,55
Kyle Bartley\Kyle-Bartley,eng ENG,DF,West Brom,13.8,332,426,77.9,6877,2129,1,0,+1.0,1,25,2,1,14
Chris Basham\Chris-Basham,eng ENG,DFMF,Sheffield Utd,21.1,666,832,80,11769,3507,1,0.7,+0.3,8,41,12,5,52
Michy Batshuayi\Michy-Batshuayi,be BEL,FW,Crystal Palace,7.1,97,138,70.3,1400,311,1,1.4,-0.4,7,6,3,1,9
Jan Bednarek\Jan-Bednarek,pl POL,DF,Southampton,20.9,1155,1357,85.1,22403,7457,1,0.2,+0.8,3,62,4,0,63
Donny van de Beek\Donny-van-de-Beek,nl NED,MFFW,Manchester Utd,3.4,138,163,84.7,2002,377,0,0.1,-0.1,2,6,1,1,5
Héctor Bellerín\Hector-Bellerin,es ESP,DF,Arsenal,19.2,913,1099,83.1,15373,4368,2,2.3,-0.3,20,49,25,8,72
Saïd Benrahma\Said-Benrahma,dz ALG,MFFW,West Ham,9.4,237,304,78,3765,1022,3,1.8,+1.2,14,25,10,3,29
Josh Benson\Josh-Benson,eng ENG,MF,Burnley,2.9,62,85,72.9,865,322,0,0,0,0,4,0,0,7
Christian Benteke\Christian-Benteke,be BEL,FW,Crystal Palace,8.1,136,213,63.8,1806,431,1,0.8,+0.2,9,9,6,1,14
Jóhann Berg Guðmundsson\Johann-Berg-Gudmundsson,is ISL,MF,Burnley,7.1,166,220,75.5,2716,665,0,0.2,-0.2,4,11,4,2,19
Sander Berge\Sander-Berge,no NOR,MF,Sheffield Utd,11.3,349,426,81.9,6398,1336,1,1.2,-0.2,12,32,4,2,29
Steven Bergwijn\Steven-Bergwijn,nl NED,FWMF,Tottenham,11.3,281,345,81.4,3855,730,2,1,+1.0,10,18,6,0,14
Bernard\Bernard,br BRA,FWMF,Everton,3,129,163,79.1,2067,510,0,0.5,-0.5,6,12,7,1,13
Bernardo\Bernardo,br BRA,DFMF,Brighton,2.3,62,87,71.3,1042,288,0,0.2,-0.2,2,3,2,1,6
Ryan Bertrand\Ryan-Bertrand,eng ENG,DF,Southampton,19.9,860,1123,76.6,14234,5312,1,0.6,+0.4,8,47,18,4,67
Yves Bissouma\Yves-Bissouma,ml MLI,MF,Brighton,19.6,813,944,86.1,16813,3098,0,0.3,-0.3,7,79,13,2,73
Jayden Bogle\Jayden-Bogle,eng ENG,DF,Sheffield Utd,6.8,180,234,76.9,2911,1164,0,0.2,-0.2,4,12,5,1,17
Willy Boly\Willy-Boly,ci CIV,DF,Wolves,16,620,748,82.9,12418,4211,1,0.4,+0.6,2,40,1,0,33
Jarrod Bowen\Jarrod-Bowen,eng ENG,FWMF,West Ham,18.6,345,519,66.5,7127,1598,3,1.9,+1.1,19,17,16,5,30
Robbie Brady\Robbie-Brady,ie IRL,MF,Burnley,10.7,243,358,67.9,4343,1543,1,0.9,+0.1,7,22,6,4,28
Rhian Brewster\Rhian-Brewster,eng ENG,FW,Sheffield Utd,8.2,112,152,73.7,1796,408,0,1.1,-1.1,4,8,2,0,10
Josh Brownhill\Josh-Brownhill,eng ENG,MF,Burnley,17.5,562,696,80.7,9049,1833,0,0.6,-0.6,10,36,5,0,26
Joe Bryan\Joe-Bryan,eng ENG,DFFW,Fulham,5,187,272,68.8,3414,1618,0,0.2,-0.2,3,13,3,2,17
Kean Bryan\Kean-Bryan,eng ENG,DF,Sheffield Utd,3.3,78,116,67.2,1434,728,0,0,0,1,3,1,0,3
Oliver Burke\Oliver-Burke,sco SCO,FW,Sheffield Utd,10,121,172,70.3,1604,185,1,1.7,-0.7,12,4,5,1,6
Dan Burn\Dan-Burn,eng ENG,DF,Brighton,12.4,505,673,75,9016,2748,0,0.2,-0.2,2,35,5,2,45
David Button\David-Button,eng ENG,GK,West Brom,1,16,37,43.2,687,484,0,0,0,0,0,0,0,0
Oskar Buur\Oskar-Buur,dk DEN,DF,Wolves,0.2,14,15,93.3,201,47,0,0,0,0,0,0,0,0
Willy Caballero\Willy-Caballero,ar ARG,GK,Chelsea,1,24,26,92.3,496,302,0,0,0,0,0,0,0,0
Gary Cahill\Gary-Cahill,eng ENG,DF,Crystal Palace,9,296,346,85.5,6436,2219,0,0.4,-0.4,3,22,1,0,18
Tom Cairney\Tom-Cairney,sco SCO,MF,Fulham,8.4,551,621,88.7,11165,2009,1,1.4,-0.4,20,61,10,5,32
Dominic Calvert-Lewin\Dominic-Calvert-Lewin,eng ENG,FW,Everton,19.6,301,419,71.8,4580,629,0,0.9,-0.9,11,19,5,0,18
João Cancelo\Joao-Cancelo,pt POR,DF,Manchester City,15.9,1127,1315,85.7,19950,5626,2,2.9,-0.9,30,97,47,7,108
Ian Carlo Poveda\Ian-Carlo-Poveda,eng ENG,MFDF,Leeds United,2.8,61,88,69.3,956,384,0,0.4,-0.4,2,6,7,1,16
Andy Carroll\Andy-Carroll,eng ENG,FW,Newcastle Utd,4.1,82,130,63.1,1273,378,0,0.1,-0.1,2,9,3,0,10
Matty Cash\Matty-Cash,eng ENG,DF,Aston Villa,19.6,721,964,74.8,13724,4831,2,1.7,+0.3,18,54,17,13,42
Kiko Casilla\Kiko-Casilla,es ESP,GK,Leeds United,1,32,33,97,813,519,0,0,0,0,0,0,0,0
Timothy Castagne\Timothy-Castagne,be BEL,DF,Leicester City,12.1,527,656,80.3,8354,3130,2,0.7,+1.3,10,31,13,2,40
Jonny Castro\Jonny-Castro,es ESP,DF,Wolves,0.5,24,29,82.8,325,92,0,0,0,0,0,0,0,1
Ivan Cavaleiro\Ivan-Cavaleiro,pt POR,FWMF,Fulham,15.9,359,491,73.1,5757,1275,0,1.5,-1.5,23,12,14,2,30
Edinson Cavani\Edinson-Cavani,uy URU,FW,Manchester Utd,8.5,156,200,78,2677,372,2,1.6,+0.4,8,8,8,1,12
Dani Ceballos\Dani-Ceballos,es ESP,MF,Arsenal,11.3,704,814,86.5,14225,3513,1,2,-1,17,94,16,2,82
Ben Chilwell\Ben-Chilwell,eng ENG,DF,Chelsea,16.5,1011,1281,78.9,17460,5809,4,1.1,+2.9,16,71,17,6,96
Hamza Choudhury\Hamza-Choudhury,eng ENG,MF,Leicester City,2.5,154,185,83.2,3014,552,0,0,0,0,13,0,0,8
Andreas Christensen\Andreas-Christensen,dk DEN,DF,Chelsea,6.1,416,451,92.2,9105,2319,0,0,0,0,15,0,0,23
Ciaran Clark\Ciaran-Clark,ie IRL,DF,Newcastle Utd,11.4,369,449,82.2,7509,2668,0,0.1,-0.1,2,26,2,0,27
Nathaniel Clyne\Nathaniel-Clyne,eng ENG,DF,Crystal Palace,11.7,398,516,77.1,6173,2433,1,0.3,+0.7,2,18,9,4,21
Conor Coady\Conor-Coady,eng ENG,DF,Wolves,21.7,936,1072,87.3,23646,8611,0,0.1,-0.1,2,40,0,0,36
Séamus Coleman\Seamus-Coleman,ie IRL,DF,Everton,7.4,345,410,84.1,6007,2261,1,0.6,+0.4,4,16,4,1,19
Aaron Connolly\Aaron-Connolly,ie IRL,FW,Brighton,7.4,68,88,77.3,1003,154,1,0.2,+0.8,4,2,1,0,3
Liam Cooper\Liam-Cooper,sco SCO,DF,Leeds United,15.8,961,1080,89,22533,6442,0,0,0,0,50,2,0,44
Jack Cork\Jack-Cork,eng ENG,MF,Burnley,3.3,75,92,81.5,1161,288,0,0,0,1,4,1,0,7
Hélder Costa\Helder-Costa,pt POR,MF,Leeds United,7.7,175,230,76.1,2382,609,2,0.8,+1.2,8,4,10,4,11
Vladimír Coufal\Vladimir-Coufal,cz CZE,DF,West Ham,18.9,668,931,71.8,11849,5984,3,2.4,+0.6,26,55,25,14,77
Aaron Cresswell\Aaron-Cresswell,eng ENG,DF,West Ham,23,1020,1371,74.4,20598,9926,5,3.5,+1.5,35,99,16,11,88
Patrick Cutrone\Patrick-Cutrone,it ITA,FWMF,Wolves,0.3,4,5,80,67,2,0,0,0,0,0,0,0,0
Stuart Dallas\Stuart-Dallas,nir NIR,DFMF,Leeds United,21.9,1179,1438,82,20046,6670,2,1.2,+0.8,16,85,26,7,112
Scott Dann\Scott-Dann,eng ENG,DF,Crystal Palace,11,418,488,85.7,8460,3752,0,0,0,1,18,0,0,23
Karl Darlow\Karl-Darlow,eng ENG,GK,Newcastle Utd,23,337,664,50.8,14474,10702,0,0,0,1,8,0,0,0
Ben Davies\Ben-Davies,wal WAL,DF,Tottenham,12.6,539,693,77.8,9685,3712,1,0.6,+0.4,7,37,9,4,38
Tom Davies\Tom-Davies,eng ENG,MFDF,Everton,7.3,291,349,83.4,5419,1323,0,0.5,-0.5,3,20,7,2,22
Keinan Davis\Keinan-Davis,eng ENG,FW,Aston Villa,0.6,18,24,75,235,56,0,0,0,1,0,2,0,2
Leif Davis\Leif-Davis,eng ENG,DF,Leeds United,0.4,17,20,85,381,158,0,0,0,0,0,1,0,1
Craig Dawson\Craig-Dawson,eng ENG,DF,West Ham,8,199,258,77.1,4642,1368,0,0,0,1,19,0,0,15
Kevin De Bruyne\Kevin-De-Bruyne,be BEL,MF,Manchester City,15.6,708,943,75.1,13784,4257,10,6.9,+3.1,54,79,54,6,118
Liam Delap\Liam-Delap,eng ENG,FW,Manchester City,0.4,5,7,71.4,45,0,0,0,0,0,0,0,0,0
Fabian Delph\Fabian-Delph,eng ENG,MFDF,Everton,2.4,174,197,88.3,3031,830,0,0,0,1,14,1,0,15
Leander Dendoncker\Leander-Dendoncker,be BEL,MF,Wolves,15.7,541,621,87.1,9608,1936,0,0.6,-0.6,15,39,5,2,37
Mbaye Diagne\Mbaye-Diagne,sn SEN,FW,West Brom,2.2,27,34,79.4,450,70,1,0.2,+0.8,2,3,1,1,2
Ibrahima Diallo\Ibrahima-Diallo,fr FRA,MF,Southampton,4.9,210,254,82.7,3670,741,0,0.1,-0.1,3,7,1,0,12
Grady Diangana\Grady-Diangana,eng ENG,MFFW,West Brom,11.9,223,302,73.8,3062,762,0,0.1,-0.1,4,14,6,0,23
Raphael Dias Belloli\Raphael-Dias-Belloli,br BRA,MF,Leeds United,14,412,593,69.5,7671,2949,4,3.2,+0.8,29,45,28,6,88
Rúben Dias\Ruben-Dias,pt POR,DF,Manchester City,19.8,1563,1679,93.1,33708,8839,0,0,0,1,101,2,1,69
Eric Dier\Eric-Dier,eng ENG,DF,Tottenham,19,894,1067,83.8,20926,6740,0,0,0,1,47,5,0,41
Lucas Digne\Lucas-Digne,fr FRA,DFMF,Everton,12.8,591,795,74.3,10779,4225,6,2.5,+3.5,19,38,15,12,55
Virgil van Dijk\Virgil-van-Dijk,nl NED,DF,Liverpool,4.1,295,327,90.2,7035,2127,0,0,0,0,26,0,0,20
Issa Diop\Issa-Diop,fr FRA,DF,West Ham,3.3,151,169,89.3,3170,883,0,0,0,0,6,0,0,5
Moussa Djenepo\Moussa-Djenepo,ml MLI,MF,Southampton,8.9,192,265,72.5,2972,741,0,0.5,-0.5,6,14,10,0,18
Matt Doherty\Matt-Doherty,ie IRL,DF,Tottenham,9.1,400,517,77.4,6308,2414,1,0.5,+0.5,6,14,6,2,29
Gabriel Dos Santos\Gabriel-Dos-Santos,br BRA,DF,Arsenal,13.2,846,970,87.2,17914,4783,0,0,0,1,50,1,0,28
Abdoulaye Doucouré\Abdoulaye-Doucoure,fr FRA,MF,Everton,19,869,998,87.1,14763,3104,3,2.2,+0.8,16,57,14,1,45
Paul Dummett\Paul-Dummett,wal WAL,DF,Newcastle Utd,1.9,38,49,77.6,604,333,0,0,0,0,6,0,0,2
Lewis Dunk\Lewis-Dunk,eng ENG,DF,Brighton,20,1065,1199,88.8,24511,6708,0,0.4,-0.4,4,63,0,0,43
Jimmy Dunne\Jimmy-Dunne,ie IRL,DF,Burnley,2,60,89,67.4,1301,256,0,0.1,-0.1,2,0,1,0,1
Ederson\Ederson,br BRA,GK,Manchester City,21,512,610,83.9,13924,8071,0,0,0,0,1,1,0,0
Kyle Edwards\Kyle-Edwards,eng ENG,MFFW,West Brom,1.3,30,35,85.7,420,91,0,0,0,0,3,0,0,3
John Egan\John-Egan,ie IRL,DF,Sheffield Utd,20.1,639,765,83.5,14976,4926,1,0.2,+0.8,2,60,5,0,46
Ahmed Elmohamady\Ahmed-Elmohamady,eg EGY,DF,Aston Villa,1.5,86,115,74.8,1548,658,0,0.3,-0.3,5,6,9,3,10
Mohamed Elneny\Mohamed-Elneny,eg EGY,MF,Arsenal,10.1,537,582,92.3,10657,2181,0,0.2,-0.2,4,42,5,0,30
Jonny Evans\Jonny-Evans,nir NIR,DF,Leicester City,18.7,1014,1169,86.7,22036,6332,1,0.2,+0.8,6,51,0,0,39
Eberechi Eze\Eberechi-Eze,eng ENG,MF,Crystal Palace,16.7,573,724,79.1,8816,2829,3,1.6,+1.4,25,46,22,3,78
Łukasz Fabiański\Lukasz-Fabianski,pl POL,GK,West Ham,22,388,620,62.6,15811,11548,0,0,0,0,15,0,0,0
Fabinho\Fabinho,br BRA,DFMF,Liverpool,17.4,1268,1377,92.1,26859,6944,0,0.4,-0.4,3,59,3,1,57
Bruno Fernandes\Bruno-Fernandes,pt POR,MF,Manchester Utd,21.4,1046,1420,73.7,20281,6338,9,8.7,+0.3,66,121,67,6,158
Federico Fernández\Federico-Fernandez,ar ARG,DF,Newcastle Utd,15.3,446,568,78.5,9971,2936,0,0.2,-0.2,3,14,2,1,15
Fernandinho\Fernandinho,br BRA,MF,Manchester City,5.8,431,497,86.7,8241,2009,0,0,0,1,69,5,1,48
Sam Field\Sam-Field,eng ENG,MF,West Brom,0.7,15,23,65.2,223,41,0,0,0,0,1,0,0,2
Roberto Firmino\Roberto-Firmino,br BRA,FW,Liverpool,19.8,633,790,80.1,9335,2031,4,3.4,+0.6,25,42,20,0,66
John Fleck\John-Fleck,sco SCO,MF,Sheffield Utd,14.7,529,678,78,8476,2769,2,1.8,+0.2,21,68,17,1,60
Phil Foden\Phil-Foden,eng ENG,FW,Manchester City,11.4,420,514,81.7,6154,1152,3,2.4,+0.6,21,20,13,1,37
Wesley Fofana\Wesley-Fofana,fr FRA,DF,Leicester City,15.5,797,924,86.3,16908,4639,0,0.1,-0.1,3,59,0,0,44
Pablo Fornals\Pablo-Fornals,es ESP,FWMF,West Ham,17.1,455,591,77,7560,2134,2,1.6,+0.4,16,39,20,3,60
Fraser Forster\Fraser-Forster,eng ENG,GK,Southampton,1,9,43,20.9,425,331,0,0,0,0,1,0,0,0
Timothy Fosu-Mensah\Timothy-Fosu-Mensah,nl NED,DF,Manchester Utd,0.9,65,75,86.7,1070,258,0,0.3,-0.3,2,4,1,1,1
Ryan Fraser\Ryan-Fraser,sco SCO,MFFW,Newcastle Utd,6.3,169,248,68.1,2935,1027,1,1.6,-0.6,15,5,8,7,15
Fred\Fred,br BRA,MF,Manchester Utd,14.7,826,945,87.4,16389,4149,0,1.8,-1.8,15,92,13,0,87
Ryan Fredericks\Ryan-Fredericks,eng ENG,DFFW,West Ham,4.9,156,218,71.6,2340,827,1,1.2,-0.2,12,8,11,7,13
Christian Fuchs\Christian-Fuchs,at AUT,DF,Leicester City,7.8,478,589,81.2,9088,3503,0,0,0,1,42,2,1,33
Darnell Furlong\Darnell-Furlong,eng ENG,DF,West Brom,18.1,416,686,60.6,7619,3176,2,1.4,+0.6,11,35,9,8,44
Conor Gallagher\Conor-Gallagher,eng ENG,MF,West Brom,16.1,465,566,82.2,8410,1909,0,0.2,-0.2,6,51,9,1,32
Eric García\Eric-Garcia,es ESP,DF,Manchester City,2.2,208,221,94.1,4185,1213,0,0.1,-0.1,2,20,0,0,12
Dwight Gayle\Dwight-Gayle,eng ENG,FWMF,Newcastle Utd,1.1,25,28,89.3,352,50,0,0,0,1,0,0,0,1
David de Gea\David-de-Gea,es ESP,GK,Manchester Utd,20.5,344,453,75.9,8980,5477,0,0,0,0,3,0,0,0
Anwar El Ghazi\Anwar-El-Ghazi,nl NED,FW,Aston Villa,6.3,143,219,65.3,2015,579,0,0.9,-0.9,10,7,9,4,18
Kieran Gibbs\Kieran-Gibbs,eng ENG,DF,West Brom,9,223,313,71.2,3929,1436,0,0.3,-0.3,3,15,3,3,16
Morgan Gibbs-White\Morgan-Gibbs-White,eng ENG,FWMF,Wolves,1.1,44,56,78.6,655,139,0,0.1,-0.1,3,3,0,0,5
Billy Gilmour\Billy-Gilmour,sco SCO,MF,Chelsea,0.4,30,36,83.3,672,59,0,0,0,0,2,0,0,0
Olivier Giroud\Olivier-Giroud,fr FRA,FW,Chelsea,6.4,115,156,73.7,1341,102,0,0.5,-0.5,6,4,0,0,1
Ben Godfrey\Ben-Godfrey,eng ENG,DF,Everton,13.7,455,551,82.6,8503,2415,1,0,+1.0,0,33,3,1,19
André Gomes\Andre-Gomes,pt POR,MF,Everton,9.7,411,490,83.9,8011,1838,1,0.2,+0.8,8,42,9,1,39
Joe Gomez\Joe-Gomez,eng ENG,DF,Liverpool,6.6,481,533,90.2,11374,3066,0,0,0,1,30,0,0,38
Anthony Gordon\Anthony-Gordon,eng ENG,FWMF,Everton,1,22,26,84.6,365,94,0,0,0,1,1,2,0,3
Karlan Grant\Karlan-Grant,eng ENG,FWMF,West Brom,12,156,217,71.9,2224,307,0,0,0,0,4,4,0,8
Demarai Gray\Demarai-Gray,eng ENG,FW,Leicester City,0.2,7,12,58.3,87,14,0,0,0,0,1,0,0,1
Jack Grealish\Jack-Grealish,eng ENG,FWMF,Aston Villa,21,757,966,78.4,13103,4580,10,8,+2.0,76,72,63,4,148
Mason Greenwood\Mason-Greenwood,eng ENG,FW,Manchester Utd,10.8,314,374,84,4869,896,1,0.7,+0.3,8,12,9,2,23
Pascal Groß\Pascal-Gross,de GER,MF,Brighton,13,559,741,75.4,11422,3239,4,3.2,+0.8,37,46,26,10,57
Kamil Grosicki\Kamil-Grosicki,pl POL,FWMF,West Brom,1.6,32,49,65.3,532,171,1,0.1,+0.9,3,4,1,0,5
Vicente Guaita\Vicente-Guaita,es ESP,GK,Crystal Palace,23,349,636,54.9,12857,9044,0,0,0,0,7,0,0,0
İlkay Gündoğan\Ilkay-Gundogan,de GER,MF,Manchester City,14.5,984,1090,90.3,16755,3369,1,3.3,-2.3,28,92,19,0,87
Antwoine Hackford\Antwoine-Hackford,eng ENG,DFFW,Sheffield Utd,0.1,1,1,100,4,0,0,0,0,0,0,0,0,0
Sébastien Haller\Sebastien-Haller,ci CIV,FW,West Ham,10.4,171,252,67.9,2749,525,0,1.2,-1.2,9,13,5,1,19
Rekeem Harper\Rekeem-Harper,eng ENG,MF,West Brom,0.4,13,16,81.3,242,33,0,0,0,0,2,0,0,1
Jack Harrison\Jack-Harrison,eng ENG,MF,Leeds United,19.5,503,737,68.2,8408,2671,4,4.2,-0.2,37,22,41,11,70
Kortney Hause\Kortney-Hause,eng ENG,DF,Aston Villa,4,105,141,74.5,2305,613,0,0,0,0,8,0,0,6
Kai Havertz\Kai-Havertz,de GER,MFFW,Chelsea,10.9,463,544,85.1,6839,1107,2,1.3,+0.7,13,32,13,2,32
Isaac Hayden\Isaac-Hayden,eng ENG,MFDF,Newcastle Utd,16.1,500,625,80,9842,2090,0,0.3,-0.3,4,29,0,0,22
Michael Hector\Michael-Hector,jm JAM,DF,Fulham,2.9,139,175,79.4,3485,1313,0,0,0,1,10,1,0,11
Ahmed Hegazi\Ahmed-Hegazi,eg EGY,DF,West Brom,1,37,52,71.2,829,381,0,0,0,0,1,0,0,2
Dean Henderson\Dean-Henderson,eng ENG,GK,Manchester Utd,2.5,49,63,77.8,1188,609,0,0,0,0,0,0,0,0
Jordan Henderson\Jordan-Henderson,eng ENG,MFDF,Liverpool,17.6,1479,1704,86.8,30668,8059,1,1.4,-0.4,12,194,29,1,134
Jeff Hendrick\Jeff-Hendrick,ie IRL,MF,Newcastle Utd,14.5,396,491,80.7,7045,1701,1,0.7,+0.3,4,27,5,1,34
Pablo Hernández\Pablo-Hernandez,es ESP,MF,Leeds United,3.1,203,273,74.4,3961,1296,2,0.6,+1.4,5,33,8,1,44
Son Heung-min\Son-Heung-min,kr KOR,FW,Tottenham,20.9,517,677,76.4,8090,2083,6,4.4,+1.6,41,22,15,1,39
Ki-Jana Hoever\Ki-Jana-Hoever,nl NED,DF,Wolves,3.3,140,187,74.9,2388,838,0,0.1,-0.1,2,8,2,1,9
Rob Holding\Rob-Holding,eng ENG,DF,Arsenal,19.5,1075,1209,88.9,24595,6732,1,0.2,+0.8,4,78,6,0,74
Mason Holgate\Mason-Holgate,eng ENG,DF,Everton,10.8,423,538,78.6,9542,3506,0,0.1,-0.1,4,23,7,2,32
Conor Hourihane\Conor-Hourihane,ie IRL,MF,Aston Villa,2.5,116,155,74.8,2503,557,1,0.8,+0.2,4,18,2,1,9
Callum Hudson-Odoi\Callum-Hudson-Odoi,eng ENG,FWDF,Chelsea,7.5,339,412,82.3,5801,1345,2,1.7,+0.3,20,15,25,8,36
Pierre Højbjerg\Pierre-Hojbjerg,dk DEN,MF,Tottenham,22,1395,1576,88.5,26705,7194,3,1.2,+1.8,11,146,11,1,114
Odion Ighalo\Odion-Ighalo,ng NGA,FW,Manchester Utd,0.1,1,1,100,7,0,0,0,0,0,0,0,0,0
Kelechi Iheanacho\Kelechi-Iheanacho,ng NGA,FW,Leicester City,4.4,88,104,84.6,1140,183,0,0.7,-0.7,6,6,3,0,6
Danny Ings\Danny-Ings,eng ENG,FW,Southampton,15.3,212,327,64.8,3241,884,3,1.8,+1.2,15,15,13,3,31
Branislav Ivanović\Branislav-Ivanovic,rs SRB,DF,West Brom,8.2,264,308,85.7,5953,1426,0,0.1,-0.1,1,11,3,0,10
Alex Iwobi\Alex-Iwobi,ng NGA,FWDF,Everton,11.6,369,493,74.8,6646,2102,2,1.6,+0.4,11,20,22,8,49
Phil Jagielka\Phil-Jagielka,eng ENG,DF,Sheffield Utd,2.6,54,74,73,1230,259,0,0,0,0,2,0,0,4
Alireza Jahanbakhsh\Alireza-Jahanbakhsh,ir IRN,FWDF,Brighton,2.8,79,109,72.5,1246,305,1,1.8,-0.8,7,3,8,3,8
Daniel James\Daniel-James,wal WAL,FW,Manchester Utd,3.9,111,140,79.3,1581,390,0,0.2,-0.2,4,1,8,2,14
Reece James\Reece-James,eng ENG,DF,Chelsea,15.2,978,1169,83.7,18780,4437,2,2.1,-0.1,22,48,35,20,75
Alexandre Jankewitz\Alexandre-Jankewitz,ch SUI,MF,Southampton,0,2,3,66.7,31,25,0,0,0,0,0,1,0,1
Gabriel Jesus\Gabriel-Jesus,br BRA,FW,Manchester City,11.2,270,328,82.3,3414,378,2,1.9,+0.1,14,9,4,0,10
Raúl Jiménez\Raul-Jimenez,mx MEX,FW,Wolves,9.1,207,263,78.7,3241,561,0,0.8,-0.8,8,16,9,0,19
Joelinton\Joelinton,br BRA,FWMF,Newcastle Utd,12.2,267,369,72.4,3846,733,2,1.1,+0.9,7,12,5,1,13
Ben Johnson\Ben-Johnson,eng ENG,DF,West Ham,1.6,45,62,72.6,670,369,0,0,0,0,6,0,0,3
Sam Johnstone\Sam-Johnstone,eng ENG,GK,West Brom,22,397,748,53.1,16167,10832,0,0,0,0,16,0,0,0
Curtis Jones\Curtis-Jones,eng ENG,MF,Liverpool,9,677,739,91.6,11645,2542,1,0.6,+0.4,9,80,17,1,55
Jorginho\Jorginho,it ITA,MF,Chelsea,11.8,834,937,89,15358,3522,1,1.4,-0.4,15,84,9,0,62
Willian José\Willian-Jose,br BRA,FW,Wolves,2.9,53,67,79.1,1081,112,0,0,0,1,2,0,0,4
Diogo Jota\Diogo-Jota,pt POR,FW,Liverpool,5.6,173,215,80.5,2764,645,0,1.2,-1.2,6,18,4,0,20
James Justin\James-Justin,eng ENG,DF,Leicester City,23,989,1249,79.2,16490,5526,1,1.7,-0.7,18,56,33,7,92
Aboubakar Kamara\Aboubakar-Kamara,fr FRA,FWDF,Fulham,3.5,92,128,71.9,1499,404,0,0.4,-0.4,6,4,4,1,11
Harry Kane\Harry-Kane,eng ENG,FW,Tottenham,19.4,357,507,70.4,6954,2511,11,4.9,+6.1,29,67,27,6,84
N'Golo Kanté\NGolo-Kante,fr FRA,MF,Chelsea,16.8,929,1066,87.1,17680,3798,1,0.8,+0.2,14,72,9,1,70
Moise Kean\Moise-Kean,it ITA,FW,Everton,0.2,7,9,77.8,124,0,0,0,0,0,0,0,0,0
Michael Keane\Michael-Keane,eng ENG,DF,Everton,18.8,1015,1146,88.6,22744,7188,1,0.8,+0.2,5,61,2,0,52
Neeskens Kebano\Neeskens-Kebano,cd COD,FWMF,Fulham,1.3,33,42,78.6,409,99,0,0,0,0,1,0,0,2
Naby Keïta\Naby-Keita,gn GUI,MF,Liverpool,4.4,229,259,88.4,3959,869,0,0.6,-0.6,3,23,8,0,25
Caoimhin Kelleher\Caoimhin-Kelleher,ie IRL,GK,Liverpool,2,51,62,82.3,1459,732,0,0,0,0,0,0,0,0
Jonjoe Kenny\Jonjoe-Kenny,eng ENG,DF,Everton,0.9,47,61,77,783,221,0,0,0,0,3,1,0,4
Reda Khadra\Reda-Khadra,de GER,FW,Brighton,0.1,0,1,0,0,0,0,0,0,0,0,0,0,0
Max Kilman\Max-Kilman,eng ENG,DF,Wolves,12.4,542,617,87.8,10129,3644,1,0.5,+0.5,4,49,1,0,35
Joshua King\Joshua-King,no NOR,MFFW,Everton,0.2,6,9,66.7,80,17,0,0,0,0,0,0,0,1
Mateusz Klich\Mateusz-Klich,pl POL,MF,Leeds United,19.5,932,1166,79.9,16101,4246,5,3.5,+1.5,39,84,36,6,116
Robin Koch\Robin-Koch,de GER,DF,Leeds United,10.1,578,673,85.9,12381,3748,0,0.2,-0.2,4,32,2,0,38
Sead Kolašinac\Sead-Kolasinac,ba BIH,DF,Arsenal,1,54,64,84.4,801,177,0,0,0,0,3,1,0,4
Ezri Konsa\Ezri-Konsa,eng ENG,DF,Aston Villa,18.5,524,606,86.5,12151,2532,0,0,0,0,17,1,0,13
Cheikhou Kouyaté\Cheikhou-Kouyate,sn SEN,DF,Crystal Palace,19.7,591,754,78.4,11871,3529,0,0.1,-0.1,2,20,2,1,19
Mateo Kovačić\Mateo-Kovacic,hr CRO,MF,Chelsea,13.1,991,1083,91.5,19707,4632,1,1.2,-0.2,13,116,13,0,105
Emil Krafth\Emil-Krafth,se SWE,DF,Newcastle Utd,4.9,153,213,71.8,2423,1012,0,0.1,-0.1,2,4,1,1,8
Filip Krovinović\Filip-Krovinovic,hr CRO,MF,West Brom,6.1,308,365,84.4,5338,1511,0,0.3,-0.3,5,37,7,0,40
Alexandre Lacazette\Alexandre-Lacazette,fr FRA,FW,Arsenal,14.6,259,336,77.1,3814,744,2,1.9,+0.1,14,14,13,0,29
Adam Lallana\Adam-Lallana,eng ENG,MFFW,Brighton,9.1,329,404,81.4,5136,1078,1,2.1,-1.1,17,26,10,3,26
Érik Lamela\Erik-Lamela,ar ARG,FWMF,Tottenham,4.1,139,183,76,2524,580,0,0.3,-0.3,3,14,4,0,14
Tariq Lamptey\Tariq-Lamptey,eng ENG,DF,Brighton,9.8,390,500,78,6346,1711,1,1.1,-0.1,11,12,12,7,27
Manuel Lanzini\Manuel-Lanzini,ar ARG,MFFW,West Ham,3.5,153,183,83.6,2464,423,1,0.4,+0.6,5,11,3,0,9
Aymeric Laporte\Aymeric-Laporte,fr FRA,DF,Manchester City,6.4,492,545,90.3,9918,2729,0,0.2,-0.2,2,47,1,0,30
Jamaal Lascelles\Jamaal-Lascelles,eng ENG,DF,Newcastle Utd,11.1,322,391,82.4,7150,2290,0,0,0,1,21,3,0,23
Maxime Le Marchand\Maxime-Le-Marchand,fr FRA,DF,Fulham,1.4,78,82,95.1,1841,642,0,0,0,0,3,1,0,6
Mario Lemina\Mario-Lemina,ga GAB,MF,Fulham,7.6,341,403,84.6,6778,1741,0,0.4,-0.4,5,29,5,0,27
Bernd Leno\Bernd-Leno,de GER,GK,Arsenal,21.8,604,738,81.8,14247,7056,0,0,0,0,4,0,0,2
Jamal Lewis\Jamal-Lewis,nir NIR,DF,Newcastle Utd,17.3,531,705,75.3,9397,3784,1,1.5,-0.5,13,30,15,10,28
Victor Lindelöf\Victor-Lindelof,se SWE,DF,Manchester Utd,16.7,953,1055,90.3,18401,6172,1,0.5,+0.5,5,59,2,0,53
Jesse Lingard\Jesse-Lingard,eng ENG,MFFW,West Ham,2,72,80,90,1151,276,0,0.2,-0.2,3,7,3,2,6
Jake Livermore\Jake-Livermore,eng ENG,MF,West Brom,13.3,276,370,74.6,4798,1133,0,0.2,-0.2,5,29,2,1,24
Diego Llorente\Diego-Llorente,es ESP,DF,Leeds United,1,65,84,77.4,1470,307,0,0,0,0,2,0,0,2
Hugo Lloris\Hugo-Lloris,fr FRA,GK,Tottenham,22,426,609,70,12260,7840,0,0,0,0,2,0,0,0
Giovani Lo Celso\Giovani-Lo-Celso,ar ARG,MFFW,Tottenham,4.9,178,241,73.9,3344,849,1,1,0,9,18,5,0,21
Ruben Loftus-Cheek\Ruben-Loftus-Cheek,eng ENG,FW,Chelsea,0.7,11,16,68.8,166,22,0,0,0,0,1,0,0,1
Ruben Loftus-Cheek\Ruben-Loftus-Cheek,eng ENG,FWMF,Fulham,12.5,342,406,84.2,5430,1246,0,1.1,-1.1,8,32,7,2,43
Kevin Long\Kevin-Long,ie IRL,DF,Burnley,6,151,211,71.6,3457,1237,0,0,0,0,8,1,0,13
Shane Long\Shane-Long,ie IRL,FWMF,Southampton,2.3,38,60,63.3,494,168,0,0,0,0,3,0,0,4
Matthew Longstaff\Matthew-Longstaff,eng ENG,MF,Newcastle Utd,4.2,117,148,79.1,2122,341,0,0.1,-0.1,2,4,1,1,3
Sean Longstaff\Sean-Longstaff,eng ENG,MF,Newcastle Utd,9.2,290,359,80.8,6388,1445,0,0.2,-0.2,4,31,2,1,30
Ademola Lookman\Ademola-Lookman,eng ENG,FW,Fulham,17.5,488,629,77.6,8173,2295,3,2.7,+0.3,29,29,19,5,57
Max Lowe\Max-Lowe,eng ENG,DF,Sheffield Utd,6.1,149,227,65.6,2461,819,0,0.2,-0.2,3,16,5,1,17
Matthew Lowton\Matthew-Lowton,eng ENG,DF,Burnley,18,514,751,68.4,10189,4583,0,0.4,-0.4,6,61,14,3,56
David Luiz\David-Luiz,br BRA,DF,Arsenal,9.8,553,651,84.9,12783,3173,0,0,0,1,41,5,0,36
Douglas Luiz\Douglas-Luiz,br BRA,MF,Aston Villa,18.4,724,849,85.3,15164,3351,2,1,+1.0,14,74,11,2,63
John Lundstram\John-Lundstram,eng ENG,MF,Sheffield Utd,14.5,563,705,79.9,10012,2425,2,1.2,+0.8,18,48,9,1,53
Alexis Mac Allister\Alexis-Mac-Allister,ar ARG,MFFW,Brighton,6,155,197,78.7,2571,702,1,1.7,-0.7,8,14,7,0,20
James Maddison\James-Maddison,eng ENG,MFFW,Leicester City,16.4,580,769,75.4,10120,2902,5,3.3,+1.7,40,56,22,2,69
Harry Maguire\Harry-Maguire,eng ENG,DF,Manchester Utd,23,1267,1434,88.4,28524,7936,0,0.1,-0.1,3,117,4,0,61
Riyad Mahrez\Riyad-Mahrez,dz ALG,FW,Manchester City,12.3,508,614,82.7,8223,1808,2,4.4,-2.4,29,22,29,4,50
Ainsley Maitland-Niles\Ainsley-Maitland-Niles,eng ENG,DF,Arsenal,5.4,226,288,78.5,4035,1099,0,0.2,-0.2,3,15,3,1,14
Ainsley Maitland-Niles\Ainsley-Maitland-Niles,eng ENG,MF,West Brom,1,19,21,90.5,447,101,0,0,0,0,2,0,0,1
Josh Maja\Josh-Maja,ng NGA,FW,Fulham,0.1,3,4,75,49,3,0,0,0,0,0,1,0,1
Sadio Mané\Sadio-Mane,sn SEN,FW,Liverpool,18.8,477,642,74.3,7838,1680,3,3.4,-0.4,35,20,40,4,64
Javier Manquillo\Javier-Manquillo,es ESP,DF,Newcastle Utd,8,252,338,74.6,4055,1698,0,0.2,-0.2,4,13,4,2,17
Fernando Marçal\Fernando-Marcal,br BRA,DF,Wolves,6.3,285,338,84.3,5089,1895,0,0.1,-0.1,3,15,2,1,23
Solly March\Solly-March,eng ENG,DF,Brighton,18.6,681,975,69.8,12842,4325,1,1.7,-0.7,27,39,34,13,77
Pablo Marí\Pablo-Mari,es ESP,DF,Arsenal,3,154,174,88.5,3306,734,0,0,0,0,5,0,0,7
Anthony Martial\Anthony-Martial,fr FRA,FW,Manchester Utd,13.9,340,416,81.7,4828,932,3,2,+1.0,13,24,13,0,36
Martinelli\Martinelli,br BRA,FW,Arsenal,2.3,29,40,72.5,427,161,0,0,0,1,1,1,0,4
Emiliano Martínez\Emiliano-Martinez,ar ARG,GK,Aston Villa,21,462,737,62.7,16293,10892,0,0.2,-0.2,2,13,0,0,0
Arthur Masuaku\Arthur-Masuaku,cd COD,DF,West Ham,9.4,389,486,80,6552,2246,1,1.6,-0.6,11,22,15,10,32
Juan Mata\Juan-Mata,es ESP,FW,Manchester Utd,3.7,154,186,82.8,2343,588,2,0.8,+1.2,8,13,3,1,15
Jean-Philippe Mateta\Jean-Philippe-Mateta,fr FRA,FW,Crystal Palace,0.7,15,18,83.3,164,45,0,0,0,1,0,0,0,2
Nemanja Matić\Nemanja-Matic,rs SRB,MF,Manchester Utd,8.1,563,612,92,10491,2979,0,0.3,-0.3,5,55,6,2,51
Joël Matip\Joel-Matip,cm CMR,DF,Liverpool,7.7,466,527,88.4,10049,2586,2,1,+1.0,2,30,1,0,15
Neal Maupay\Neal-Maupay,fr FRA,FWMF,Brighton,17,308,385,80,4730,876,1,1.6,-0.6,15,23,16,1,29
James McArthur\James-McArthur,sco SCO,MF,Crystal Palace,16.3,627,770,81.4,11875,3392,2,0.9,+1.1,13,62,6,0,58
Oliver McBurnie\Oliver-McBurnie,sco SCO,FW,Sheffield Utd,10.8,205,317,64.7,2663,813,0,1,-1,13,17,14,0,34
Alex McCarthy\Alex-McCarthy,eng ENG,GK,Southampton,21,478,753,63.5,12692,7869,0,0,0,0,7,2,0,0
James McCarthy\James-McCarthy,ie IRL,MF,Crystal Palace,5.2,142,186,76.3,2980,621,0,0,0,2,10,2,1,14
John McGinn\John-McGinn,sco SCO,MF,Aston Villa,20,546,706,77.3,11563,3758,4,1.9,+2.1,20,92,18,3,90
David McGoldrick\David-McGoldrick,ie IRL,FWMF,Sheffield Utd,14.8,389,519,75,6575,1261,1,1,0,7,36,12,3,34
Dwight McNeil\Dwight-McNeil,eng ENG,MF,Burnley,18.7,478,687,69.6,9764,2505,2,2.7,-0.7,22,37,22,16,35
Scott McTominay\Scott-McTominay,sco SCO,MF,Manchester Utd,13.7,624,718,86.9,12433,3168,1,0.8,+0.2,10,64,5,0,56
Ben Mee\Ben-Mee,eng ENG,DF,Burnley,16,412,560,73.6,9507,3840,0,0,0,1,20,0,0,26
Benjamin Mendy\Benjamin-Mendy,fr FRA,DF,Manchester City,5.6,310,381,81.4,5582,1556,0,0,0,1,15,3,1,26
Edouard Mendy\Edouard-Mendy,sn SEN,GK,Chelsea,19,524,629,83.3,13672,7113,0,0,0,0,4,0,0,0
Nampalys Mendy\Nampalys-Mendy,fr FRA,MF,Leicester City,14.2,784,856,91.6,13400,2814,1,0.3,+0.7,4,70,0,0,45
Illan Meslier\Illan-Meslier,fr FRA,GK,Leeds United,21,676,797,84.8,16812,8108,0,0.1,-0.1,1,2,0,0,0
Luka Milivojević\Luka-Milivojevic,rs SRB,MF,Crystal Palace,14.6,634,766,82.8,12689,3825,0,0.5,-0.5,10,61,7,1,68
James Milner\James-Milner,eng ENG,MFDF,Liverpool,6.8,474,558,84.9,9028,2470,1,1.1,-0.1,10,47,18,5,51
Yerry Mina\Yerry-Mina,co COL,DF,Everton,18,946,1043,90.7,19398,5197,0,0,0,0,44,0,0,41
Takumi Minamino\Takumi-Minamino,jp JPN,MFFW,Liverpool,3.3,111,139,79.9,1589,332,0,0,0,0,11,2,0,4
Takumi Minamino\Takumi-Minamino,jp JPN,MF,Southampton,1,34,42,81,449,43,0,0,0,0,3,0,0,1
Tyrone Mings\Tyrone-Mings,eng ENG,DF,Aston Villa,19.5,701,891,78.7,16692,6318,1,0.2,+0.8,5,66,1,0,57
Tyrick Mitchell\Tyrick-Mitchell,eng ENG,DF,Crystal Palace,12,365,517,70.6,6013,3878,0,0.3,-0.3,2,35,8,4,43
Aleksandar Mitrović\Aleksandar-Mitrovic,rs SRB,FW,Fulham,11.2,218,284,76.8,2958,477,3,2.4,+0.6,19,8,10,1,15
Jayson Molumby\Jayson-Molumby,ie IRL,MF,Brighton,0,0,1,0,0,0,0,0,0,0,0,0,0,0
Wes Morgan\Wes-Morgan,jm JAM,DF,Leicester City,0.2,5,5,100,93,78,0,0,0,0,0,0,0,2
Mason Mount\Mason-Mount,eng ENG,MFFW,Chelsea,20,1007,1205,83.6,18154,4953,3,4,-1,58,102,32,4,116
Lucas Moura\Lucas-Moura,br BRA,FWMF,Tottenham,6.8,185,255,72.5,2747,682,1,0.4,+0.6,4,10,5,1,19
Lys Mousset\Lys-Mousset,fr FRA,FW,Sheffield Utd,2.3,28,35,80,444,80,0,0.3,-0.3,3,4,0,0,2
João Moutinho\Joao-Moutinho,pt POR,MF,Wolves,16.6,923,1077,85.7,18914,4385,0,1.7,-1.7,26,70,11,4,71
Joel Mumbongo\Joel-Mumbongo,se SWE,FW,Burnley,0.3,3,4,75,25,0,0,0,0,0,0,0,0,0
Jacob Murphy\Jacob-Murphy,eng ENG,DFMF,Newcastle Utd,8.2,148,236,62.7,2502,1013,1,0.6,+0.4,8,9,17,4,20
Shkodran Mustafi\Shkodran-Mustafi,de GER,DF,Arsenal,0.5,41,48,85.4,1100,210,0,0,0,0,2,0,0,4
Marvelous Nakamba\Marvelous-Nakamba,zw ZIM,MF,Aston Villa,3.2,108,120,90,1975,489,0,0,0,1,9,0,0,3
Wilfred Ndidi\Wilfred-Ndidi,ng NGA,MFDF,Leicester City,9.6,482,545,88.4,9366,2133,0,0.1,-0.1,2,25,0,0,18
Tanguy Ndombele\Tanguy-Ndombele,fr FRA,MF,Tottenham,14.4,614,742,82.7,9720,2460,1,1.9,-0.9,12,62,11,0,60
Reiss Nelson\Reiss-Nelson,eng ENG,FW,Arsenal,0.8,17,30,56.7,319,94,0,0,0,0,2,1,0,2
Pedro Neto\Pedro-Neto,pt POR,FWMF,Wolves,21,713,906,78.7,11395,2378,4,4.4,-0.4,45,23,28,19,32
Rúben Neves\Ruben-Neves,pt POR,MF,Wolves,17.3,977,1146,85.3,23426,4899,0,1.3,-1.3,18,116,14,2,79
Eddie Nketiah\Eddie-Nketiah,eng ENG,FW,Arsenal,3.6,54,68,79.4,695,64,1,0.6,+0.4,3,0,1,0,1
Niels Nkounkou\Niels-Nkounkou,fr FRA,DF,Everton,0.8,24,29,82.8,441,89,0,0,0,0,2,0,0,1
Dan Nlundulu\Dan-Nlundulu,eng ENG,FWMF,Southampton,1,21,28,75,376,55,0,0,0,1,3,1,0,2
Mark Noble\Mark-Noble,eng ENG,MF,West Ham,3.2,146,171,85.4,2844,635,0,0.1,-0.1,2,17,3,1,10
Oliver Norwood\Oliver-Norwood,nir NIR,MF,Sheffield Utd,11.5,553,706,78.3,12531,3329,0,0.8,-0.8,14,61,12,2,55
Jack O'Connell\Jack-OConnell,eng ENG,DF,Sheffield Utd,2,60,77,77.9,1225,531,0,0,0,0,4,2,0,6
Dara O'Shea\Dara-OShea,ie IRL,DF,West Brom,15.4,391,596,65.6,8189,4156,0,0.1,-0.1,4,44,1,0,37
Michael Obafemi\Michael-Obafemi,ie IRL,FW,Southampton,0.2,3,3,100,22,12,0,0,0,0,0,0,0,0
Denis Odoi\Denis-Odoi,be BEL,DF,Fulham,3,153,185,82.7,3165,1036,0,0.1,-0.1,1,11,2,1,10
Angelo Ogbonna\Angelo-Ogbonna,it ITA,DF,West Ham,22.7,649,776,83.6,14332,3786,0,1,-1,3,20,0,0,21
Robin Olsen\Robin-Olsen,se SWE,GK,Everton,4,83,116,71.6,3144,2241,0,0,0,0,1,0,0,0
Josh Onomah\Josh-Onomah,eng ENG,MF,Fulham,1.6,40,50,80,563,116,0,0,0,1,4,2,0,3
Divock Origi\Divock-Origi,be BEL,FW,Liverpool,2,45,59,76.3,565,79,0,0.2,-0.2,2,2,0,0,1
Ben Osborn\Ben-Osborn,eng ENG,MFDF,Sheffield Utd,8.5,348,446,78,5720,2302,0,1.1,-1.1,10,34,11,5,36
Owen Otasowie\Owen-Otasowie,us USA,MF,Wolves,1.3,35,46,76.1,566,88,1,0.1,+0.9,2,0,0,0,1
Alex Oxlade-Chamberlain\Alex-Oxlade-Chamberlain,eng ENG,MFFW,Liverpool,1.9,70,95,73.7,1396,274,1,0.2,+0.8,2,9,1,0,9
Emerson Palmieri\Emerson-Palmieri,it ITA,DF,Chelsea,1,51,63,81,927,203,0,0,0,0,1,1,1,0
Thomas Partey\Thomas-Partey,gh GHA,MF,Arsenal,7.5,400,454,88.1,8042,2283,1,0.5,+0.5,6,57,6,0,49
Rui Patrício\Rui-Patricio,pt POR,GK,Wolves,23,336,483,69.6,11916,7734,0,0,0,0,2,0,0,0
Bailey Peacock-Farrell\Bailey-Peacock-Farrell,nir NIR,GK,Burnley,1,14,32,43.8,798,717,0,0,0,0,0,0,0,0
Lee Peltier\Lee-Peltier,eng ENG,DF,West Brom,2,43,62,69.4,847,248,0,0,0,1,4,2,1,2
Nicolas Pépé\Nicolas-Pepe,ci CIV,FWMF,Arsenal,9,208,295,70.5,3081,682,0,0.4,-0.4,6,6,8,1,17
Matheus Pereira\Matheus-Pereira,br BRA,MFFW,West Brom,15.3,412,565,72.9,7372,2516,3,2.1,+0.9,31,38,24,6,53
Ricardo Pereira\Ricardo-Pereira,pt POR,DF,Leicester City,2.8,91,126,72.2,1349,548,0,0.1,-0.1,1,1,2,0,7
Ayoze Pérez\Ayoze-Perez,es ESP,FWMF,Leicester City,9.6,246,320,76.9,3431,995,0,1.1,-1.1,18,15,19,4,35
Kalvin Phillips\Kalvin-Phillips,eng ENG,MF,Leeds United,17.5,866,1046,82.8,20236,5076,2,3,-1,23,105,12,3,75
Matt Phillips\Matt-Phillips,sco SCO,MFDF,West Brom,8.7,198,290,68.3,3338,1153,1,1.2,-0.2,14,12,12,8,18
Nathaniel Phillips\Nathaniel-Phillips,eng ENG,DF,Liverpool,5.5,325,377,86.2,7098,2239,0,0,0,1,29,0,0,21
Jordan Pickford\Jordan-Pickford,eng ENG,GK,Everton,17,396,602,65.8,13157,9285,0,0,0,1,13,0,0,0
Erik Pieters\Erik-Pieters,nl NED,DFMF,Burnley,10.4,308,412,74.8,5263,1954,1,0.2,+0.8,3,20,2,0,21
Daniel Podence\Daniel-Podence,pt POR,FWMF,Wolves,14.6,380,506,75.1,7043,1872,2,1,+1.0,16,38,14,2,55
Paul Pogba\Paul-Pogba,fr FRA,MFFW,Manchester Utd,15,829,999,83,15872,3749,0,1.1,-1.1,14,80,20,0,78
Nick Pope\Nick-Pope,eng ENG,GK,Burnley,21,342,665,51.4,15931,12685,0,0.2,-0.2,1,25,1,0,0
Dennis Praet\Dennis-Praet,be BEL,MFFW,Leicester City,7.3,215,272,79,3376,766,1,0.8,+0.2,7,9,7,2,18
Davy Pröpper\Davy-Propper,nl NED,MF,Brighton,2.2,67,87,77,1259,381,0,0,0,0,7,5,1,13
Christian Pulisic\Christian-Pulisic,us USA,FWMF,Chelsea,10.7,281,367,76.6,4495,1121,1,1.4,-0.4,12,16,24,1,39
Aaron Ramsdale\Aaron-Ramsdale,eng ENG,GK,Sheffield Utd,23,301,663,45.4,14233,11356,0,0.1,-0.1,1,34,0,0,0
Jacob Ramsey\Jacob-Ramsey,eng ENG,MFFW,Aston Villa,1.8,36,47,76.6,506,128,0,0,0,1,2,0,0,4
Kayne Ramsey\Kayne-Ramsey,eng ENG,DF,Southampton,1,18,26,69.2,286,101,0,0,0,0,0,0,0,0
Darren Randolph\Darren-Randolph,ie IRL,GK,West Ham,1,13,22,59.1,496,411,0,0,0,0,0,0,0,0
Marcus Rashford\Marcus-Rashford,eng ENG,FW,Manchester Utd,20.6,608,768,79.2,9545,1805,6,2,+4.0,23,18,28,3,55
Tim Ream\Tim-Ream,us USA,DF,Fulham,5,267,292,91.4,5879,1834,0,0,0,0,15,0,0,13
Nathan Redmond\Nathan-Redmond,eng ENG,MFFW,Southampton,7,239,304,78.6,4074,913,0,0.7,-0.7,6,15,17,1,37
Harrison Reed\Harrison-Reed,eng ENG,MF,Fulham,13.9,706,818,86.3,13167,3405,2,1.1,+0.9,14,54,6,2,50
Sergio Reguilón\Sergio-Reguilon,es ESP,DF,Tottenham,11.8,448,597,75,7784,2680,3,1,+2.0,8,24,10,6,36
Bobby Reid\Bobby-Reid,jm JAM,DFFW,Fulham,15.2,343,471,72.8,5683,1752,0,0.3,-0.3,6,22,18,2,41
Declan Rice\Declan-Rice,eng ENG,MF,West Ham,23,959,1124,85.3,18839,4611,1,2,-1,16,89,19,9,77
Richarlison\Richarlison,br BRA,FWMF,Everton,15.1,302,418,72.2,4576,1010,3,1.9,+1.1,12,9,8,1,20
Jaïro Riedewald\Jairo-Riedewald,nl NED,MF,Crystal Palace,9.6,292,331,88.2,5321,1378,0,0.9,-0.9,8,31,7,0,30
Matt Ritchie\Matt-Ritchie,sco SCO,DFMF,Newcastle Utd,5.9,166,266,62.4,3285,1463,0,0.7,-0.7,12,13,7,5,17
Tyler Roberts\Tyler-Roberts,wal WAL,MFFW,Leeds United,3.6,78,113,69,1301,284,0,0.4,-0.4,3,3,6,0,12
Andrew Robertson\Andrew-Robertson,sco SCO,DF,Liverpool,22.9,1637,2059,79.5,30285,9849,5,4,+1.0,39,117,45,17,171
Antonee Robinson\Antonee-Robinson,us USA,DF,Fulham,16.3,664,917,72.4,12103,4812,0,1.2,-1.2,21,25,28,16,60
Callum Robinson\Callum-Robinson,ie IRL,FWMF,West Brom,13.2,229,340,67.4,3581,698,0,0.6,-0.6,10,11,8,6,9
Jack Robinson\Jack-Robinson,eng ENG,DF,Sheffield Utd,6.7,251,321,78.2,4971,1727,0,0,0,0,21,1,0,17
Hal Robson-Kanu\Hal-Robson-Kanu,wal WAL,FWMF,West Brom,2.5,16,24,66.7,255,63,0,0,0,1,2,1,0,3
Marek Rodák\Marek-Rodak,sk SVK,GK,Fulham,1,19,26,73.1,596,359,0,0,0,0,0,0,0,0
Joe Rodon\Joe-Rodon,wal WAL,DF,Tottenham,4.1,221,249,88.8,4726,1144,0,0,0,0,5,0,0,7
Rodri\Rodri,es ESP,MF,Manchester City,19.1,1530,1693,90.4,30758,6563,1,0.9,+0.1,13,149,13,1,102
Rodrigo\Rodrigo,es ESP,MF,Leeds United,11,351,465,75.5,6233,1496,1,1.7,-0.7,20,33,15,3,46
James Rodríguez\James-Rodriguez,co COL,FWMF,Everton,13.3,583,749,77.8,12473,3854,3,3.8,-0.8,31,68,31,5,99
Jay Rodriguez\Jay-Rodriguez,eng ENG,FWMF,Burnley,8.5,128,165,77.6,1569,320,0,0.5,-0.5,4,5,4,0,12
Oriol Romeu\Oriol-Romeu,es ESP,MF,Southampton,16.5,918,1100,83.5,15644,3137,1,1,0,13,55,13,1,74
Antonio Rüdiger\Antonio-Rudiger,de GER,DF,Chelsea,8,611,659,92.7,13183,3116,0,0.3,-0.3,2,37,3,1,20
Mathew Ryan\Mathew-Ryan,au AUS,GK,Arsenal,1,17,17,100,509,310,0,0,0,0,0,0,0,0
Mathew Ryan\Mathew-Ryan,au AUS,GK,Brighton,11,314,399,78.7,8454,4146,0,0,0,0,1,0,0,0
Allan Saint-Maximin\Allan-Saint-Maximin,fr FRA,FWMF,Newcastle Utd,8.3,167,206,81.1,2846,632,3,1.7,+1.3,10,12,5,1,22
Romain Saïss\Romain-Saiss,ma MAR,DF,Wolves,13.7,612,730,83.8,13055,5094,0,0.1,-0.1,1,47,2,1,56
Bukayo Saka\Bukayo-Saka,eng ENG,FWDF,Arsenal,18.7,559,762,73.4,8933,2414,2,3.3,-1.3,26,38,20,8,48
Mamadou Sakho\Mamadou-Sakho,fr FRA,DF,Crystal Palace,3.1,72,82,87.8,1518,639,0,0,0,0,2,0,0,3
Mohamed Salah\Mohamed-Salah,eg EGY,FW,Liverpool,20.4,681,809,84.2,10496,2267,3,3.4,-0.4,31,41,45,7,80
Davinson Sánchez\Davinson-Sanchez,co COL,DF,Tottenham,7.5,392,447,87.7,8428,2160,0,0,0,0,7,0,0,18
Robert Sánchez\Robert-Sanchez,es ESP,GK,Brighton,12,296,465,63.7,10066,6190,0,0,0,0,11,0,0,0
Morgan Sanson\Morgan-Sanson,fr FRA,MF,Aston Villa,0.1,6,7,85.7,83,39,0,0,0,0,0,0,0,0
Romaine Sawyers\Romaine-Sawyers,kn SKN,MF,West Brom,16.5,601,709,84.8,11776,3125,0,0.4,-0.4,5,57,5,2,52
Dane Scarlett\Dane-Scarlett,eng ENG,FW,Tottenham,0,0,0,,0,0,0,0,0,0,0,0,0,0
Fabian Schär\Fabian-Schar,ch SUI,DF,Newcastle Utd,13.4,427,554,77.1,10269,4346,0,0,0,1,39,11,0,37
Jeffrey Schlupp\Jeffrey-Schlupp,gh GHA,MF,Crystal Palace,10.8,198,285,69.5,3034,807,1,0.9,+0.1,11,19,6,1,23
Kasper Schmeichel\Kasper-Schmeichel,dk DEN,GK,Leicester City,23,534,742,72,16874,9315,0,0,0,0,3,0,0,0
Nélson Semedo\Nelson-Semedo,pt POR,DF,Wolves,19.7,931,1144,81.4,15006,4596,1,0.5,+0.5,9,57,16,8,58
Jamie Shackleton\Jamie-Shackleton,eng ENG,MFDF,Leeds United,3.4,119,138,86.2,1899,446,0,0.3,-0.3,2,6,1,1,5
Xherdan Shaqiri\Xherdan-Shaqiri,ch SUI,MFFW,Liverpool,4.4,237,286,82.9,4139,996,2,1.7,+0.3,11,17,18,3,24
Billy Sharp\Billy-Sharp,eng ENG,FW,Sheffield Utd,4.8,50,79,63.3,666,123,0,0.1,-0.1,2,2,1,0,4
Luke Shaw\Luke-Shaw,eng ENG,DF,Manchester Utd,16.5,900,1119,80.4,14159,6147,4,3,+1.0,35,50,22,6,95
Jonjo Shelvey\Jonjo-Shelvey,eng ENG,MF,Newcastle Utd,14.1,546,754,72.4,13567,3894,1,1.1,-0.1,21,78,14,3,65
Gylfi Sigurðsson\Gylfi-Sigurdsson,is ISL,MF,Everton,12.3,417,529,78.8,7741,1830,2,2,0,23,26,7,2,27
Bernardo Silva\Bernardo-Silva,pt POR,MFFW,Manchester City,13.5,776,867,89.5,13365,2154,2,2.1,-0.1,15,51,19,0,44
Fábio Silva\Fabio-Silva,pt POR,FW,Wolves,8.2,119,159,74.8,1721,243,0,0.3,-0.3,7,3,3,0,7
Thiago Silva\Thiago-Silva,br BRA,DF,Chelsea,16.2,1349,1443,93.5,29585,9135,0,0.2,-0.2,3,90,4,0,66
Moussa Sissoko\Moussa-Sissoko,fr FRA,MF,Tottenham,14.8,547,650,84.2,9775,2113,0,0.5,-0.5,5,40,6,2,28
Islam Slimani\Islam-Slimani,dz ALG,FW,Leicester City,0.2,8,11,72.7,108,16,0,0,0,1,0,0,0,1
William Smallbone\William-Smallbone,ie IRL,MF,Southampton,1.9,64,78,82.1,1113,243,0,0,0,0,4,1,0,5
Emile Smith-Rowe\Emile-Smith-Rowe,eng ENG,MF,Arsenal,8.1,323,377,85.7,4808,1047,3,1.5,+1.5,13,20,9,2,24
Robert Snodgrass\Robert-Snodgrass,sco SCO,MFFW,West Brom,4.5,84,110,76.4,1369,455,0,0.3,-0.3,3,8,4,0,13
Robert Snodgrass\Robert-Snodgrass,sco SCO,FWDF,West Ham,0.1,3,3,100,35,13,0,0,0,0,0,0,0,0
Cédric Soares\Cedric-Soares,pt POR,DF,Arsenal,4.8,188,260,72.3,3323,1263,1,0.8,+0.2,5,20,6,2,17
Tomáš Souček\Tomas-Soucek,cz CZE,MF,West Ham,23,661,887,74.5,12834,3302,0,0.6,-0.6,9,57,6,1,66
Çağlar Söyüncü\Caglar-Soyuncu,tr TUR,DF,Leicester City,7.2,388,441,88,7451,2547,0,0.1,-0.1,1,18,1,0,24
Zack Steffen\Zack-Steffen,us USA,GK,Manchester City,1,23,28,82.1,512,236,0,0,0,0,0,0,0,0
Dale Stephens\Dale-Stephens,eng ENG,MF,Burnley,2.8,98,119,82.4,1804,527,0,0,0,0,7,3,0,12
Jack Stephens\Jack-Stephens,eng ENG,DF,Southampton,11.4,574,706,81.3,12083,4189,0,0.4,-0.4,6,42,8,0,38
Raheem Sterling\Raheem-Sterling,eng ENG,FW,Manchester City,18,590,696,84.8,7725,1520,4,2.5,+1.5,23,28,17,3,38
Enda Stevens\Enda-Stevens,ie IRL,DF,Sheffield Utd,15,579,739,78.3,10102,4254,0,0.3,-0.3,5,47,15,2,61
John Stones\John-Stones,eng ENG,DF,Manchester City,13,1066,1132,94.2,20757,5404,0,0.1,-0.1,1,75,0,0,45
Pascal Struijk\Pascal-Struijk,nl NED,DFMF,Leeds United,11.2,674,756,89.2,14708,3790,0,0.1,-0.1,1,27,2,0,28
Matt Targett\Matt-Targett,eng ENG,DF,Aston Villa,20.8,864,1130,76.5,15534,7400,1,1.2,-0.2,18,79,30,5,125
James Tarkowski\James-Tarkowski,eng ENG,DF,Burnley,20,414,585,70.8,10443,3745,0,0.4,-0.4,5,30,2,1,28
Percy Tau\Percy-Tau,za RSA,FWMF,Brighton,0.9,15,22,68.2,217,35,0,0,0,1,0,0,0,1
Charlie Taylor\Charlie-Taylor,eng ENG,DF,Burnley,14.6,485,692,70.1,9129,3933,1,0.7,+0.3,8,42,11,8,34
Neil Taylor\Neil-Taylor,wal WAL,DF,Aston Villa,0.2,10,11,90.9,120,29,0,0,0,0,0,0,0,0
Allan Tchaptchet\Allan-Tchaptchet,fr FRA,DF,Southampton,0.1,0,2,0,0,0,0,0,0,0,0,0,0,0
Nathan Tella\Nathan-Tella,eng ENG,FWMF,Southampton,1.8,21,28,75,289,40,0,0,0,0,2,0,0,0
Alex Telles\Alex-Telles,br BRA,DF,Manchester Utd,5.7,364,452,80.5,6000,2492,2,0.8,+1.2,10,29,12,1,40
Kenny Tete\Kenny-Tete,nl NED,DF,Fulham,6.6,239,313,76.4,4247,1874,1,1.2,-0.2,11,6,16,12,25
Luke Thomas\Luke-Thomas,eng ENG,DF,Leicester City,3,77,116,66.4,1071,363,0,0,0,1,4,1,1,5
Youri Tielemans\Youri-Tielemans,be BEL,MF,Leicester City,22.4,1226,1516,80.9,23958,6173,2,1.2,+0.8,16,130,28,2,125
Kieran Tierney\Kieran-Tierney,sco SCO,DF,Arsenal,16.9,810,1055,76.8,15220,4300,1,2.7,-1.7,24,41,23,8,76
James Tomkins\James-Tomkins,eng ENG,DF,Crystal Palace,4.3,101,131,77.1,2377,865,0,0,0,0,11,0,0,3
Fikayo Tomori\Fikayo-Tomori,eng ENG,DF,Chelsea,0.5,27,29,93.1,574,161,0,0,0,0,0,0,0,0
Ferrán Torres\Ferran-Torres,es ESP,FW,Manchester City,8,197,238,82.8,3162,621,2,1.2,+0.8,7,11,9,1,21
Cenk Tosun\Cenk-Tosun,tr TUR,FW,Everton,0.5,8,10,80,151,14,0,0.1,-0.1,1,0,0,0,0
Andros Townsend\Andros-Townsend,eng ENG,MF,Crystal Palace,15.9,390,574,67.9,6715,2563,3,2.2,+0.8,23,25,25,10,47
Conor Townsend\Conor-Townsend,eng ENG,DF,West Brom,9.8,415,539,77,7574,3304,0,0.4,-0.4,6,32,8,3,63
Adama Traoré\Adama-Traore,es ESP,FWDF,Wolves,15.8,305,488,62.5,4834,1507,0,3.4,-3.4,32,23,16,11,33
Bertrand Traoré\Bertrand-Traore,bf BFA,FW,Aston Villa,11.5,309,424,72.9,5918,1425,3,1.4,+1.6,14,14,11,4,28
Trézéguet\Trezeguet,eg EGY,FW,Aston Villa,8.7,151,220,68.6,2440,844,1,1.9,-0.9,8,14,6,3,21
Leandro Trossard\Leandro-Trossard,be BEL,FWMF,Brighton,16.3,456,626,72.8,8953,2364,4,3.1,+0.9,31,42,34,11,60
Kostas Tsimikas\Kostas-Tsimikas,gr GRE,DF,Liverpool,0.1,6,8,75,118,0,0,0,0,0,0,0,0,0
Axel Tuanzebe\Axel-Tuanzebe,eng ENG,DF,Manchester Utd,1.5,109,117,93.2,2163,497,0,0,0,0,6,0,0,7
Cengiz Ünder\Cengiz-Under,tr TUR,MFFW,Leicester City,2.7,78,110,70.9,1304,384,2,1.7,+0.3,5,3,7,3,7
Yan Valery\Yan-Valery,fr FRA,DFMF,Southampton,1.1,53,66,80.3,885,269,0,0,0,0,0,2,1,2
Jamie Vardy\Jamie-Vardy,eng ENG,FW,Leicester City,16.7,134,222,60.4,1896,337,5,2.5,+2.5,16,6,5,0,14
Joël Veltman\Joel-Veltman,nl NED,DF,Brighton,14.3,633,824,76.8,12656,5031,0,0.6,-0.6,11,52,25,9,66
Jannik Vestergaard\Jannik-Vestergaard,dk DEN,DF,Southampton,13.5,749,896,83.6,15427,5356,0,0.4,-0.4,3,58,5,0,34
Rúben Vinagre\Ruben-Vinagre,pt POR,DF,Wolves,1.9,82,98,83.7,1310,324,0,0,0,0,2,1,1,2
Carlos Vinícius\Carlos-Vinicius,br BRA,FW,Tottenham,1.8,15,25,60,220,42,0,0.1,-0.1,2,2,1,0,2
Vitinha\Vitinha,pt POR,MF,Wolves,2.6,153,168,91.1,2560,236,1,0.2,+0.8,5,11,0,0,3
Jake Vokins\Jake-Vokins,eng ENG,DF,Southampton,0.7,20,22,90.9,371,115,0,0.2,-0.2,2,0,2,1,3
Matěj Vydra\Matej-Vydra,cz CZE,FW,Burnley,5.2,67,88,76.1,797,89,0,0.6,-0.6,5,0,3,1,2
Theo Walcott\Theo-Walcott,eng ENG,MFFW,Southampton,13.7,234,326,71.8,3254,645,2,0.8,+1.2,11,14,10,3,20
Theo Walcott\Theo-Walcott,eng ENG,FW,Everton,0.1,1,1,100,18,10,0,0,0,0,0,0,0,0
Kyle Walker\Kyle-Walker,eng ENG,DF,Manchester City,13.3,987,1121,88,19847,5239,1,0.3,+0.7,5,101,5,0,62
Kyle Walker-Peters\Kyle-Walker-Peters,eng ENG,DF,Southampton,18,863,1066,81,14449,4597,1,0.4,+0.6,10,33,8,0,51
Aaron Wan-Bissaka\Aaron-Wan-Bissaka,eng ENG,DF,Manchester Utd,21,1063,1239,85.8,15850,5697,2,1.3,+0.7,15,51,14,7,80
Joel Ward\Joel-Ward,eng ENG,DF,Crystal Palace,11.1,337,483,69.8,5526,2872,1,0.4,+0.6,5,31,5,2,31
James Ward-Prowse\James-Ward-Prowse,eng ENG,MF,Southampton,22,1304,1592,81.9,23287,5895,5,2.4,+2.6,33,103,14,0,95
Ollie Watkins\Ollie-Watkins,eng ENG,FW,Aston Villa,21,331,465,71.2,4515,806,2,2.1,-0.1,23,26,13,3,20
Caleb Watts\Caleb-Watts,au AUS,MFFW,Southampton,0.2,2,5,40,56,26,0,0,0,0,0,1,1,0
Adam Webster\Adam-Webster,eng ENG,DF,Brighton,21.8,1088,1337,81.4,23756,8155,0,0.2,-0.2,6,106,6,1,86
Danny Welbeck\Danny-Welbeck,eng ENG,FW,Brighton,7.2,70,92,76.1,960,230,0,0.6,-0.6,7,5,1,0,9
Timo Werner\Timo-Werner,de GER,FW,Chelsea,18.3,455,588,77.4,6961,1443,5,2.8,+2.2,16,25,14,4,45
Ashley Westwood\Ashley-Westwood,eng ENG,MF,Burnley,21.9,894,1215,73.6,18893,6218,2,3.6,-1.6,30,98,44,6,113
Ben White\Ben-White,eng ENG,DFMF,Brighton,21.5,815,1002,81.3,16442,4970,0,0.5,-0.5,7,61,15,1,64
Georginio Wijnaldum\Georginio-Wijnaldum,nl NED,MF,Liverpool,20.7,1044,1126,92.7,17922,3444,0,1.3,-1.3,15,93,16,1,61
Brandon Williams\Brandon-Williams,eng ENG,DF,Manchester Utd,0.1,6,7,85.7,115,9,0,0,0,0,1,0,0,0
Neco Williams\Neco-Williams,wal WAL,DF,Liverpool,1.9,117,151,77.5,1940,634,0,0.1,-0.1,1,8,0,0,11
Rhys Williams\Rhys-Williams,eng ENG,DF,Liverpool,1.3,89,101,88.1,2001,614,0,0.2,-0.2,1,7,1,0,5
Willian\Willian,br BRA,FWMF,Arsenal,11.1,440,564,78,7963,1478,3,1.7,+1.3,17,23,20,7,33
Joe Willock\Joe-Willock,eng ENG,MF,Arsenal,2.6,69,91,75.8,1078,279,0,0,0,2,9,4,1,6
Joe Willock\Joe-Willock,eng ENG,MF,Newcastle Utd,1,6,11,54.5,110,35,0,0.3,-0.3,2,2,0,0,2
Callum Wilson\Callum-Wilson,eng ENG,FW,Newcastle Utd,20.1,225,324,69.4,3098,606,5,2,+3.0,14,9,13,0,19
Harry Winks\Harry-Winks,eng ENG,MF,Tottenham,6.3,348,413,84.3,6510,1846,0,0.3,-0.3,4,46,3,0,34
Chris Wood\Chris-Wood,nz NZL,FW,Burnley,18.7,252,373,67.6,3324,427,0,1,-1,14,12,4,0,18
Granit Xhaka\Granit-Xhaka,ch SUI,MF,Arsenal,17.1,1124,1260,89.2,22801,5688,1,0.8,+0.2,7,157,20,0,136
Andriy Yarmolenko\Andriy-Yarmolenko,ua UKR,FWMF,West Ham,4,110,139,79.1,1946,530,1,1,0,5,10,4,1,10
DeAndre Yedlin\DeAndre-Yedlin,us USA,DF,Newcastle Utd,4.8,111,172,64.5,1758,808,0,0.1,-0.1,3,5,6,1,13
Okay Yokuşlu\Okay-Yokuslu,tr TUR,MF,West Brom,0.1,6,7,85.7,100,15,0,0,0,0,0,0,0,0
Wilfried Zaha\Wilfried-Zaha,ci CIV,FW,Crystal Palace,18.5,381,503,75.7,5524,1211,2,2,0,15,16,20,3,39
Andre-Frank Zambo Anguissa\Andre-Frank-Zambo-Anguissa,cm CMR,MF,Fulham,18.7,811,949,85.5,13822,3413,3,1.8,+1.2,19,102,13,4,74
Andi Zeqiri\Andi-Zeqiri,ch SUI,FWDF,Brighton,0.8,5,11,45.5,89,34,0,0,0,0,1,1,1,1
Oleksandr Zinchenko\Oleksandr-Zinchenko,ua UKR,DF,Manchester City,7.1,572,633,90.4,9341,2526,0,0.1,-0.1,1,43,8,0,39
Hakim Ziyech\Hakim-Ziyech,ma MAR,FWMF,Chelsea,7,352,470,74.9,6238,1666,3,2.3,+0.7,17,33,19,4,42
Kurt Zouma\Kurt-Zouma,fr FRA,DF,Chelsea,15,1005,1110,90.5,23054,5819,0,0,0,1,72,2,0,46
Martin Ødegaard\Martin-Odegaard,no NOR,MFDF,Arsenal,0.4,26,31,83.9,384,113,0,0,0,0,3,1,0,3
