Rk,Player,Nation,Pos,Squad,Age,Born,90s,Tackles,Tkls Won,Tkls vs Dribbles,Dribbled Past,Successful Pressures,Def 3rd Press,Mid 3rd Press,Att 3rd Press,Blocks,Interceptions,Tkl+Int,Clearances,Errors
1,Patrick van Aanholt\Patrick-van-Aanholt,nl NED,DF,Crystal Palace,30-259,1990,19.7,1.62,0.96,0.71,1.37,3.45,6.55,2.84,1.02,1.57,1.73,3.35,2.03,0.05
2,Tammy Abraham\Tammy-Abraham,eng ENG,FW,Chelsea,23-225,1997,11.6,0.69,0.34,0.09,0.43,3.28,1.12,6.12,6.72,0.78,0.17,0.86,1.47,0
3,Che Adams\Che-Adams,sco SCO,FW,Southampton,24-306,1996,28.1,1.03,0.57,0.21,0.57,4.7,1.71,5.41,7.12,0.89,0.36,1.39,0.57,0.04
4,Tosin Adarabioyo\Tosin-Adarabioyo,eng ENG,DF,Fulham,23-233,1997,29.8,1.28,0.77,0.57,0.54,1.78,3.66,1.64,0.23,1.17,1.68,2.95,7.38,0.03
5,Adrián\Adrian,es ESP,GK,Liverpool,34-132,1987,3,0,0,0,0,0,0.33,0,0,0,0,0,0,0.33
6,Sergio Agüero\Sergio-Aguero,ar ARG,FWMF,Manchester City,32-347,1988,5.9,0.51,0,0.34,1.36,4.07,1.36,5.08,8.64,0.85,0.68,1.19,0.17,0
7,Ola Aina\Ola-Aina,ng NGA,DF,Fulham,24-219,1996,28.9,1.63,0.87,0.59,0.8,2.11,4.74,3.11,0.76,1.56,1.76,3.39,4.19,0
8,Rayan Aït Nouri\Rayan-Ait-Nouri,fr FRA,DF,Wolves,19-343,2001,13.7,2.12,1.09,0.8,0.88,4.53,8.03,4.38,1.75,1.68,0.88,2.99,2.48,0
9,Semi Ajayi\Semi-Ajayi,ng NGA,DF,West Brom,27-187,1993,27.9,2.04,1.47,0.65,0.54,4.48,7.46,3.33,0.57,1.9,1.25,3.3,4.7,0.07
10,Nathan Aké\Nathan-Ake,nl NED,DF,Manchester City,26-086,1995,8.9,1.69,0.67,0.45,0.11,2.81,3.93,3.37,0.9,0.67,0.56,2.25,2.92,0
11,Marc Albrighton\Marc-Albrighton,eng ENG,DFFW,Leicester City,31-178,1989,17.8,2.19,1.63,1.01,1.85,6.8,5.79,7.25,4.55,1.52,1.52,3.71,1.35,0
12,Thiago Alcántara\Thiago-Alcantara,es ESP,MF,Liverpool,30-034,1991,17.6,3.24,2.05,0.97,1.48,6.82,5.74,11.5,5.34,1.48,1.76,5,0.85,0
13,Toby Alderweireld\Toby-Alderweireld,be BEL,DF,Tottenham,32-074,1989,21.9,1.55,0.73,0.59,0.5,2.97,5.16,3.06,0.14,1.96,0.46,2.01,6.8,0
14,Rúnar Alex Rúnarsson\Runar-Alex-Runarsson,is ISL,GK,Arsenal,26-086,1995,0.2,0,0,0,0,0,0,0,0,0,0,0,0,0
15,Trent Alexander-Arnold\Trent-Alexander-Arnold,eng ENG,DF,Liverpool,22-220,1998,30.7,1.76,1.11,1.01,0.75,3.52,3.62,3.45,2.51,1.34,1.34,3.09,2.12,0.03
16,Ezgjan Alioski\Ezgjan-Alioski,mk MKD,DF,Leeds United,29-092,1992,24.3,2.88,1.44,1.07,1.85,5.43,8.68,8.23,2.76,1.69,1.28,4.16,2.26,0
17,Alisson\Alisson,br BRA,GK,Liverpool,28-225,1992,30,0,0,0,0.03,0.03,0.17,0,0,0,0,0,0.03,0.23
18,Allan\Allan,br BRA,MF,Everton,30-127,1991,19.8,3.23,2.17,1.16,2.88,8.23,12.1,14.2,1.57,1.67,1.06,4.29,1.26,0
19,Dele Alli\Dele-Alli,eng ENG,MF,Tottenham,25-034,1996,4.2,1.67,1.19,0.48,1.19,6.9,5,11.7,12.9,1.43,1.9,3.57,0.71,0
20,Miguel Almirón\Miguel-Almiron,py PAR,MFFW,Newcastle Utd,27-094,1994,25.1,1.91,1.12,0.64,1.51,4.3,6.57,7.93,4.58,1.43,1.04,2.95,0.96,0.04
21,Marcos Alonso\Marcos-Alonso,es ESP,DF,Chelsea,30-138,1990,10.7,1.21,0.75,0.28,1.31,3.83,5.7,4.58,2.8,2.06,1.03,2.24,3.46,0
22,Steven Alzate\Steven-Alzate,co COL,MFDF,Brighton,22-249,1998,8.2,2.07,1.59,0.24,0.49,5.85,4.39,6.95,3.9,1.83,0.61,2.68,1.1,0.12
23,Daniel Amartey\Daniel-Amartey,gh GHA,DF,Leicester City,26-145,1994,8,1.5,0.75,0.88,0.63,3,4.63,2.75,0.38,2.38,1.5,3,5.25,0
24,Ethan Ampadu\Ethan-Ampadu,wal WAL,DFMF,Sheffield Utd,20-243,2000,23.2,2.67,1.55,0.91,1.21,4.35,7.76,5.95,1.77,2.07,1.68,4.35,5.17,0.09
25,Joachim Andersen\Joachim-Andersen,dk DEN,DF,Fulham,24-349,1996,28.7,1.25,0.77,0.59,0.59,2.16,4.08,1.74,0.38,1.05,1.67,2.93,7.7,0.03
26,Elliot Anderson\Elliot-Anderson,sco SCO,MF,Newcastle Utd,18-190,2002,0,0,0,0,0,1,0,3,0,0,0,0,0,0
27,Felipe Anderson\Felipe-Anderson,br BRA,FWMF,West Ham,28-030,1993,0,1,1,0,2,1,1,2,0,0,0,1,0,0
28,Michail Antonio\Michail-Antonio,eng ENG,FW,West Ham,31-048,1990,19.2,0.57,0.26,0.1,0.26,2.92,0.73,3.75,6.46,1.09,0.36,0.94,0.42,0
29,Alphonse Areola\Alphonse-Areola,fr FRA,GK,Fulham,28-077,1993,34,0.03,0.03,0.03,0.09,0,0.12,0,0,0,0,0.03,0,0.03
30,Stuart Armstrong\Stuart-Armstrong,sco SCO,MF,Southampton,29-046,1992,27.9,2.4,1.43,1.04,1.65,4.77,5.56,7.17,3.62,1.08,1.04,3.44,0.68,0.04
31,Kepa Arrizabalaga\Kepa-Arrizabalaga,es ESP,GK,Chelsea,26-224,1994,6,0,0,0,0.17,0,0.33,0,0,0,0,0,0,0.67
32,Pierre-Emerick Aubameyang\Pierre-Emerick-Aubameyang,ga GAB,FW,Arsenal,31-331,1989,24,0.71,0.21,0.17,0.67,3.25,2.29,5.42,5.63,1.08,0.25,0.96,0.58,0
33,Serge Aurier\Serge-Aurier,ci CIV,DF,Tottenham,28-142,1992,17.8,4.1,2.13,1.18,1.69,6.29,11.8,7.08,2.7,2.42,1.35,5.45,2.92,0.11
34,Charlie Austin\Charlie-Austin,eng ENG,FW,West Brom,31-314,1989,1.5,2.67,2,0.67,0.67,4.67,3.33,5.33,6.67,0,1.33,4,2,0
35,Jordan Ayew\Jordan-Ayew,gh GHA,FWMF,Crystal Palace,29-246,1991,22.2,2.25,1.44,0.63,1.31,6.94,5.9,15,8.11,1.26,1.13,3.38,0.45,0
36,Luke Ayling\Luke-Ayling,eng ENG,DF,Leeds United,29-263,1991,34.8,3.02,1.75,1.01,1.21,4.86,7.41,5.26,1.44,2.16,1.61,4.63,2.61,0.06
37,César Azpilicueta\Cesar-Azpilicueta,es ESP,DF,Chelsea,31-260,1989,22.4,2.14,1.25,0.85,0.54,4.11,6.34,5.67,2.05,1.47,1.56,3.71,4.15,0.04
38,Eric Bailly\Eric-Bailly,ci CIV,DF,Manchester Utd,27-033,1994,9.2,0.87,0.54,0,0,1.96,2.61,2.5,0.22,1.85,2.17,3.04,5,0
39,Fabián Balbuena\Fabian-Balbuena,py PAR,DF,West Ham,29-265,1991,13.3,1.8,1.05,0.9,0.9,3.38,6.62,3.31,0.15,1.88,1.05,2.86,6.69,0.08
40,George Baldock\George-Baldock,eng ENG,DF,Sheffield Utd,28-067,1993,29,1.72,0.83,0.72,0.86,3.52,6.45,5.62,2.79,1.41,1.14,2.86,2.62,0
41,Gareth Bale\Gareth-Bale,wal WAL,FW,Tottenham,31-303,1989,8.8,1.59,1.02,0.45,0.91,3.75,2.84,5.45,4.32,1.7,1.02,2.61,1.93,0
42,Patrick Bamford\Patrick-Bamford,eng ENG,FW,Leeds United,27-252,1993,31.8,0.69,0.47,0.16,0.63,5.03,1.01,7.39,9.03,0.47,0.41,1.1,1.07,0
43,Phil Bardsley\Phil-Bardsley,sco SCO,DF,Burnley,35-321,1985,3,2,1.33,0.67,0.67,3,5.67,6.33,1,1.33,1,3,4.67,0
44,Ross Barkley\Ross-Barkley,eng ENG,MF,Chelsea,27-161,1993,0.5,0,0,0,0,2,4,4,2,0,0,0,0,0
45,Ross Barkley\Ross-Barkley,eng ENG,MF,Aston Villa,27-161,1993,17,0.35,0.12,0.18,0.53,3.41,2.06,8.41,3.94,1.12,0.29,0.65,0.47,0
46,Ashley Barnes\Ashley-Barnes,eng ENG,FW,Burnley,31-197,1989,14.5,1.03,0.41,0.28,0.55,3.31,1.52,4.97,6.62,1.03,0.28,1.31,0.62,0
47,Harvey Barnes\Harvey-Barnes,eng ENG,FWMF,Leicester City,23-157,1997,21.6,1.02,0.65,0.19,0.69,3.19,2.82,4.21,3.47,1.11,0.74,1.76,0.6,0
48,Kyle Bartley\Kyle-Bartley,eng ENG,DF,West Brom,29-358,1991,25.7,0.93,0.62,0.31,0.78,2.8,4.79,3.07,0.39,2.45,0.93,1.87,7.28,0.08
49,Chris Basham\Chris-Basham,eng ENG,DFMF,Sheffield Utd,32-299,1988,25.6,2.81,1.76,1.41,1.13,4.1,7.27,4.65,1.76,1.76,1.52,4.34,3.95,0.04
50,Michy Batshuayi\Michy-Batshuayi,be BEL,FW,Crystal Palace,27-225,1993,8.1,0.37,0.37,0.25,0.86,2.59,0.99,6.67,5.8,1.23,0.25,0.62,0.62,0.12
51,Jan Bednarek\Jan-Bednarek,pl POL,DF,Southampton,25-033,1996,33.4,1.38,0.81,0.66,0.87,2.78,4.88,2.99,0.33,1.68,2.22,3.59,6.2,0.03
52,Donny van de Beek\Donny-van-de-Beek,nl NED,MFFW,Manchester Utd,24-027,1997,4.8,2.08,1.67,0.21,1.88,4.79,2.92,10,4.38,2.08,1.25,3.33,1.46,0
53,Héctor Bellerín\Hector-Bellerin,es ESP,DF,Arsenal,26-057,1995,23.2,1.47,0.78,0.52,1.25,2.72,3.75,4.31,1.59,2.16,0.56,2.03,1.77,0
54,Saïd Benrahma\Said-Benrahma,dz ALG,FWMF,West Ham,25-278,1995,14.1,1.91,1.28,0.5,1.28,4.54,5.32,9.08,3.83,0.78,0.78,2.7,0.57,0
55,Josh Benson\Josh-Benson,eng ENG,MF,Burnley,21-161,1999,2.9,2.76,1.72,1.38,1.38,4.14,5.17,5.86,1.38,1.03,0.34,3.1,0.69,0
56,Christian Benteke\Christian-Benteke,be BEL,FW,Crystal Palace,30-163,1990,18.3,0.71,0.49,0,0.38,2.79,0.87,6.39,4.48,0.93,0.22,0.93,1.86,0
57,Jóhann Berg Guðmundsson\Johann-Berg-Gudmundsson,is ISL,MF,Burnley,30-200,1990,12.9,1.24,0.85,0.7,0.85,3.18,3.18,4.81,3.1,1.4,1.01,2.25,0.78,0
58,Sander Berge\Sander-Berge,no NOR,MF,Sheffield Utd,23-090,1998,12.4,1.69,1.29,0.4,0.97,5.08,5.65,9.27,2.58,1.61,0.24,1.94,1.53,0.08
59,Steven Bergwijn\Steven-Bergwijn,nl NED,FWMF,Tottenham,23-219,1997,11.9,1.09,0.67,0.5,1.43,4.2,4.45,6.81,5.71,0.84,0.84,1.93,0.34,0
60,Bernard\Bernard,br BRA,FWMF,Everton,28-249,1992,4.6,1.09,0.87,0.65,1.96,3.26,4.78,5.87,3.48,1.74,1.3,2.39,0.65,0
61,Bernardo\Bernardo,br BRA,DFMF,Brighton,26-001,1995,2.3,3.48,2.17,1.74,0.87,5.65,6.52,3.91,4.35,2.61,0,3.48,1.3,0
62,Ryan Bertrand\Ryan-Bertrand,eng ENG,DF,Southampton,31-283,1989,28.9,2.46,1.49,0.97,0.69,4.26,4.19,5.05,1.73,1.63,1.07,3.53,1.94,0.03
63,Yves Bissouma\Yves-Bissouma,ml MLI,MF,Brighton,24-258,1996,31.6,3.26,2.09,0.79,1.23,5.47,6.71,7.37,1.55,1.68,1.68,4.94,1.9,0
64,Jayden Bogle\Jayden-Bogle,eng ENG,DF,Sheffield Utd,20-292,2000,11.3,3.01,1.42,1.68,1.24,5.4,8.85,6.55,3.89,2.21,1.59,4.6,1.86,0
65,Willy Boly\Willy-Boly,ci CIV,DF,Wolves,30-101,1991,19,2,1.21,0.63,0.74,2.74,5.42,2.11,0.16,1.37,0.89,2.89,5.21,0
66,Jarrod Bowen\Jarrod-Bowen,eng ENG,FWMF,West Ham,24-146,1996,26.6,0.75,0.45,0.19,0.86,3.12,2.93,4.51,4.21,1.28,0.75,1.5,0.15,0
67,Robbie Brady\Robbie-Brady,ie IRL,MF,Burnley,29-121,1992,11.7,1.88,1.03,0.77,1.88,3.5,5.3,6.41,3.76,2.14,0.77,2.65,2.05,0.09
68,Rhian Brewster\Rhian-Brewster,eng ENG,FW,Sheffield Utd,21-044,2000,12.1,1.07,0.58,0,0.99,4.88,0.99,9.34,8.6,1.24,0.5,1.57,0.25,0
69,Nathan Broadhead\Nathan-Broadhead,wal WAL,MF,Everton,23-040,1998,0,1,0,0,0,0,0,1,0,0,0,1,0,0
70,Josh Brownhill\Josh-Brownhill,eng ENG,MF,Burnley,25-147,1995,28.8,1.63,0.87,0.31,1.08,3.96,3.51,8.61,3.75,2.01,1.74,3.37,1.84,0
71,Joe Bryan\Joe-Bryan,eng ENG,DFFW,Fulham,27-240,1993,5.3,2.45,1.51,0.75,1.32,3.96,5.66,4.34,2.64,2.83,1.7,4.15,3.58,0
72,Kean Bryan\Kean-Bryan,eng ENG,DF,Sheffield Utd,24-195,1996,11.2,2.14,1.34,0.8,0.54,3.93,7.23,5.18,0.98,2.32,2.5,4.64,6.25,0.27
73,Oliver Burke\Oliver-Burke,sco SCO,FW,Sheffield Utd,24-038,1997,14.1,1.28,0.71,0.35,1.63,5.39,2.48,13.3,13.6,1.49,0.14,1.42,0.28,0
74,Dan Burn\Dan-Burn,eng ENG,DF,Brighton,29-006,1992,19.9,2.01,0.8,0.85,1.51,4.47,6.33,5.08,2.21,1.76,1.46,3.47,3.97,0
75,David Button\David-Button,eng ENG,GK,West Brom,32-077,1989,1,0,0,0,0,0,0,0,0,0,0,0,0,0
76,Oskar Buur\Oskar-Buur,dk DEN,DF,Wolves,23-045,1998,0.2,0,0,0,5,0,15,0,10,0,0,0,0,0
77,Willy Caballero\Willy-Caballero,ar ARG,GK,Chelsea,39-229,1981,1,0,0,0,0,0,0,0,0,0,0,0,0,0
78,Gary Cahill\Gary-Cahill,eng ENG,DF,Crystal Palace,35-147,1985,17,0.71,0.41,0.18,0.35,1.41,3.29,1.24,0.41,2.12,0.88,1.59,6.29,0.06
79,Tom Cairney\Tom-Cairney,sco SCO,MF,Fulham,30-115,1991,8.4,0.6,0.48,0,0.36,2.5,2.14,3.81,1.79,0.71,0.12,0.71,0.36,0
80,Dominic Calvert-Lewin\Dominic-Calvert-Lewin,eng ENG,FW,Everton,24-060,1997,28.9,0.55,0.38,0.07,0.31,3.08,0.8,4.57,5.36,1.07,0.17,0.73,1.04,0
81,João Cancelo\Joao-Cancelo,pt POR,DF,Manchester City,26-353,1994,25.4,3.03,1.69,1.61,1.89,4.76,5.35,4.92,2.99,1.5,2.05,5.08,1.42,0.04
82,Ian Carlo Poveda\Ian-Carlo-Poveda,eng ENG,MFDF,Leeds United,21-095,2000,3.8,2.37,1.84,1.58,1.58,5.26,6.58,7.37,5.26,1.05,0.53,2.89,0,0
83,Andy Carroll\Andy-Carroll,eng ENG,FW,Newcastle Utd,32-129,1989,4.3,0.47,0.23,0,1.16,3.26,1.63,6.51,5.12,0.47,0.23,0.7,2.33,0
84,Scott Carson\Scott-Carson,eng ENG,GK,Manchester City,35-254,1985,1,0,0,0,0,0,0,0,0,0,0,0,0,0
85,Fabio Carvalho\Fabio-Carvalho,eng ENG,MF,Fulham,18-258,2002,0.1,0,0,0,0,10,0,0,30,0,0,0,0,0
86,Matty Cash\Matty-Cash,eng ENG,DF,Aston Villa,23-281,1997,26.4,2.95,1.67,1.29,1.59,4.81,8.79,6.36,1.74,2.92,1.86,4.81,4.17,0.08
87,Kiko Casilla\Kiko-Casilla,es ESP,GK,Leeds United,34-225,1986,1,0,0,0,0,0,0,0,0,0,0,0,0,0
88,Timothy Castagne\Timothy-Castagne,be BEL,DF,Leicester City,25-161,1995,24.1,2.41,1.37,0.79,1,3.82,5.31,5.02,3.11,1.87,0.83,3.24,2.41,0.04
89,Jonny Castro\Jonny-Castro,es ESP,DF,Wolves,27-073,1994,5.5,1.64,1.09,0.91,2.36,4.55,6.73,7.82,3.45,1.82,1.27,2.91,1.45,0
90,Ivan Cavaleiro\Ivan-Cavaleiro,pt POR,FWMF,Fulham,27-209,1993,24.5,1.06,0.78,0.16,0.61,4.65,3.14,6.37,6.04,1.43,0.61,1.67,0.78,0.04
91,Edinson Cavani\Edinson-Cavani,uy URU,FW,Manchester Utd,34-090,1987,14.3,0.84,0.56,0.21,0.63,3.78,1.05,4.97,7.62,0.35,0.56,1.4,0.77,0
92,Dani Ceballos\Dani-Ceballos,es ESP,MF,Arsenal,24-281,1996,17.9,2.23,1.84,0.73,2.01,4.19,6.76,5.64,3.35,1.62,1.34,3.58,1.17,0
93,Calum Chambers\Calum-Chambers,eng ENG,DF,Arsenal,26-115,1995,6.4,0.63,0.16,0.31,0.78,3.13,5.47,3.28,1.88,2.03,1.41,2.03,5.78,0
94,Ben Chilwell\Ben-Chilwell,eng ENG,DF,Chelsea,24-145,1996,23.4,1.88,1.2,0.64,0.9,4.27,5.04,5.26,2.31,2.65,1.07,2.95,2.31,0
95,Hamza Choudhury\Hamza-Choudhury,eng ENG,MF,Leicester City,23-226,1997,3.5,3.14,2,0.57,2.29,5.14,5.14,8.86,1.14,2.57,1.43,4.57,1.71,0.29
96,Andreas Christensen\Andreas-Christensen,dk DEN,DF,Chelsea,25-035,1996,15.2,1.32,0.79,0.33,0.39,2.5,3.75,2.5,0.59,1.71,1.71,3.03,5.26,0.07
97,Ciaran Clark\Ciaran-Clark,ie IRL,DF,Newcastle Utd,31-231,1989,21,1.29,0.67,0.14,0.33,2.33,4.86,2,0.57,2.14,1.24,2.52,6.38,0.14
98,Nathaniel Clyne\Nathaniel-Clyne,eng ENG,DF,Crystal Palace,30-040,1991,12.7,1.65,0.71,0.71,0.55,2.44,5.75,2.28,1.18,1.97,1.02,2.68,2.52,0
99,Conor Coady\Conor-Coady,eng ENG,DF,Wolves,28-079,1993,33.7,0.83,0.59,0.39,0.62,1.81,3.95,1.34,0.06,1.6,0.65,1.48,4.33,0.03
100,Séamus Coleman\Seamus-Coleman,ie IRL,DF,Everton,32-216,1988,16,2.19,1.5,1,1.25,4.19,7.69,3.88,2.06,2.06,1.19,3.38,2.19,0.06
101,Aaron Connolly\Aaron-Connolly,ie IRL,FW,Brighton,21-107,2000,8.3,0.84,0.6,0.12,0.48,4.46,0.72,6.63,6.75,0.96,0,0.84,0.12,0
102,Liam Cooper\Liam-Cooper,sco SCO,DF,Leeds United,29-258,1991,22.3,3.09,2.02,1.39,1.03,4.8,7.22,4.04,0.36,1.88,1.97,5.07,4.93,0.04
103,Jack Cork\Jack-Cork,eng ENG,MF,Burnley,31-324,1989,12.2,1.8,1.15,0.74,1.07,4.67,4.1,8.2,3.36,1.39,0.98,2.79,1.56,0
104,Hélder Costa\Helder-Costa,pt POR,MFFW,Leeds United,27-123,1994,12.8,2.34,1.17,0.7,1.8,5.63,7.27,7.97,5.47,1.48,0.47,2.81,0.7,0
105,Vladimír Coufal\Vladimir-Coufal,cz CZE,DF,West Ham,28-266,1992,30.9,2.46,1.29,1.42,1.33,3.69,7.22,3.95,2.07,2.23,1.13,3.59,3.75,0.03
106,Aaron Cresswell\Aaron-Cresswell,eng ENG,DF,West Ham,31-151,1989,32.2,0.9,0.37,0.43,0.56,1.83,3.48,2.3,0.5,1.4,0.93,1.83,2.83,0
107,Patrick Cutrone\Patrick-Cutrone,it ITA,FWMF,Wolves,23-132,1998,0.3,0,0,0,0,6.67,6.67,3.33,13.3,0,0,0,0,0
108,Stuart Dallas\Stuart-Dallas,nir NIR,DFMF,Leeds United,30-026,1991,34.9,2.12,1.35,0.8,1.95,5.1,5.96,7.48,2.21,1.55,1.63,3.75,1.43,0.03
109,Scott Dann\Scott-Dann,eng ENG,DF,Crystal Palace,34-090,1987,15,0.67,0.47,0.2,0.6,1.13,2.73,1.33,0.07,1.73,0.53,1.2,5,0.07
110,Karl Darlow\Karl-Darlow,eng ENG,GK,Newcastle Utd,30-219,1990,25,0,0,0,0.08,0,0.08,0,0,0,0.04,0.04,0.08,0
111,Ben Davies\Ben-Davies,wal WAL,DF,Tottenham,28-021,1993,15,1.73,0.87,0.67,1.27,2.8,6.07,4.27,1.93,1.6,0.87,2.6,4.8,0
112,Tom Davies\Tom-Davies,eng ENG,MF,Everton,22-319,1998,14.7,2.18,1.84,0.61,1.84,5.58,7.07,7.41,2.18,1.36,2.04,4.22,1.97,0
113,Keinan Davis\Keinan-Davis,eng ENG,FWMF,Aston Villa,23-091,1998,3,1,1,0,0.33,5,1.33,11,7.33,0.67,0,1,0.67,0
114,Leif Davis\Leif-Davis,eng ENG,DF,Leeds United,21-123,2000,0.4,0,0,0,5,0,12.5,15,2.5,7.5,5,5,0,0
115,Craig Dawson\Craig-Dawson,eng ENG,DF,West Ham,31-009,1990,18.4,0.65,0.54,0.16,0.43,2.23,4.29,2.07,0.16,1.41,1.52,2.17,6.52,0.05
116,Kevin De Bruyne\Kevin-De-Bruyne,be BEL,MF,Manchester City,29-321,1991,21.2,1.75,1.46,0.47,1.79,5.61,1.98,7.55,7.22,1.18,0.75,2.5,0.33,0
117,Liam Delap\Liam-Delap,eng ENG,FW,Manchester City,18-096,2003,0.4,0,0,0,0,2.5,0,12.5,2.5,0,0,0,0,0
118,Fabian Delph\Fabian-Delph,eng ENG,MFDF,Everton,31-175,1989,3,1.67,0.67,0.33,0.33,2,4,6,0,1.33,1.33,3,1,0
119,Leander Dendoncker\Leander-Dendoncker,be BEL,MFDF,Wolves,26-030,1995,26,1.85,1.08,0.88,1.31,5.38,8.15,7.77,1.73,2.15,0.92,2.77,2.81,0
120,Mbaye Diagne\Mbaye-Diagne,sn SEN,FW,West Brom,29-199,1991,13.2,0.61,0.3,0.08,0.23,3.03,0.98,3.33,6.14,0.53,0.15,0.76,1.29,0
121,Amad Diallo\Amad-Diallo,ci CIV,FW,Manchester Utd,18-308,2002,0.9,1.11,1.11,0,0,6.67,7.78,8.89,3.33,2.22,2.22,3.33,2.22,0
122,Ibrahima Diallo\Ibrahima-Diallo,fr FRA,MF,Southampton,22-068,1999,10,2.7,2.2,0.7,1.3,6.8,7.4,12.1,1.4,1.4,1.3,4,1.6,0
123,Grady Diangana\Grady-Diangana,eng ENG,MFFW,West Brom,23-026,1998,12.3,2.52,1.46,0.98,1.63,4.63,10.7,7.24,4.55,2.11,1.06,3.58,0.33,0
124,Raphael Dias Belloli\Raphael-Dias-Belloli,br BRA,MF,Leeds United,24-152,1996,23.3,1.37,0.73,0.43,1.55,3.86,4.25,6.01,5.06,1.55,1.29,2.66,1.29,0
125,Rúben Dias\Ruben-Dias,pt POR,DF,Manchester City,24-001,1997,29.6,0.98,0.68,0.14,0.41,1.96,2.7,2.2,0.57,1.42,0.71,1.69,3.45,0
126,Eric Dier\Eric-Dier,eng ENG,DF,Tottenham,27-120,1994,26,0.88,0.54,0.42,0.35,1.73,3.58,1.96,0.31,1.77,0.85,1.73,6.08,0
127,Lucas Digne\Lucas-Digne,fr FRA,DF,Everton,27-299,1993,26.8,2.54,1.31,0.93,0.75,3.51,6.46,4.44,2.57,2.09,0.78,3.32,3.13,0
128,Virgil van Dijk\Virgil-van-Dijk,nl NED,DF,Liverpool,29-311,1991,4.1,0.73,0.24,0,0.24,0.73,1.71,1.71,0,0.73,0,0.73,2.93,0.24
129,Issa Diop\Issa-Diop,fr FRA,DF,West Ham,24-126,1997,15.3,1.7,1.24,0.39,0.78,2.61,3.92,3.14,0.26,2.29,0.92,2.61,5.36,0.13
130,Moussa Djenepo\Moussa-Djenepo,ml MLI,MF,Southampton,22-334,1998,12.8,3.36,1.56,1.25,2.66,6.72,8.59,8.91,6.41,2.03,0.78,4.14,1.17,0
131,Matt Doherty\Matt-Doherty,ie IRL,DF,Tottenham,29-119,1992,12.7,1.42,0.47,0.79,1.5,2.52,5.28,5.2,2.52,2.83,1.1,2.52,3.7,0
132,Gabriel Dos Santos\Gabriel-Dos-Santos,br BRA,DF,Arsenal,23-147,1997,20.2,1.29,0.79,0.4,0.35,2.43,4.31,2.18,0.25,1.88,1.04,2.33,4.6,0.1
133,Abdoulaye Doucouré\Abdoulaye-Doucoure,fr FRA,MF,Everton,28-134,1993,24.7,1.98,1.42,0.57,1.09,5.3,8.14,7.81,3.52,1.54,1.21,3.2,1.13,0.04
134,Martin Dúbravka\Martin-Dubravka,sk SVK,GK,Newcastle Utd,32-120,1989,11,0,0,0,0,0.18,0.18,0,0,0,0,0,0,0
135,Paul Dummett\Paul-Dummett,wal WAL,DF,Newcastle Utd,29-231,1991,11.9,1.6,0.84,0.76,0.76,1.85,5.63,2.35,0.5,2.02,1.18,2.77,6.55,0.08
136,Lewis Dunk\Lewis-Dunk,eng ENG,DF,Brighton,29-175,1991,31.6,1.01,0.57,0.38,0.32,2.15,3.01,2.31,0.38,1.17,0.92,1.93,3.89,0.06
137,Jimmy Dunne\Jimmy-Dunne,ie IRL,DF,Burnley,23-208,1997,2,0.5,0.5,0.5,0,3.5,4,2,0.5,2,0,0.5,3.5,0
138,Ederson\Ederson,br BRA,GK,Manchester City,27-271,1993,34,0,0,0,0.03,0.03,0.15,0,0,0,0,0,0.03,0.03
139,Kyle Edwards\Kyle-Edwards,eng ENG,MFFW,West Brom,23-087,1998,1.3,2.31,0,0,0.77,1.54,3.08,6.92,1.54,1.54,0.77,3.08,0,0
140,John Egan\John-Egan,ie IRL,DF,Sheffield Utd,28-207,1992,26.2,1.6,0.99,0.61,0.61,2.71,5.34,3.05,0.19,1.79,1.26,2.86,4.96,0.04
141,Anthony Elanga\Anthony-Elanga,se SWE,FW,Manchester Utd,19-018,2002,0.7,0,0,0,0,5.71,8.57,8.57,8.57,2.86,0,0,0,0
142,Ahmed Elmohamady\Ahmed-Elmohamady,eg EGY,DF,Aston Villa,33-248,1987,8.3,1.81,1.33,0.6,0.36,2.77,3.73,2.65,0.96,1.57,2.77,4.58,3.13,0
143,Mohamed Elneny\Mohamed-Elneny,eg EGY,MF,Arsenal,28-308,1992,16.2,0.99,0.68,0.31,0.8,3.27,4.07,5.31,2.16,1.11,1.17,2.16,1.48,0.06
144,Jonny Evans\Jonny-Evans,nir NIR,DF,Leicester City,33-132,1988,27.5,0.76,0.44,0.36,0.4,2.4,4.07,1.93,0.11,0.98,1.49,2.25,5.31,0
145,Eberechi Eze\Eberechi-Eze,eng ENG,MF,Crystal Palace,22-320,1998,27.4,1.35,0.77,0.51,0.8,3.25,3.1,5.69,2.41,1.13,1.06,2.41,0.22,0
146,Łukasz Fabiański\Lukasz-Fabianski,pl POL,GK,West Ham,36-027,1985,33,0,0,0,0,0.06,0.27,0,0,0.09,0,0,0.03,0.03
147,Fabinho\Fabinho,br BRA,DFMF,Liverpool,27-204,1993,25.5,2.75,1.96,0.98,1.18,4.27,4.31,7.02,1.1,1.49,1.76,4.51,3.69,0
148,Bruno Fernandes\Bruno-Fernandes,pt POR,MF,Manchester Utd,26-249,1994,33.4,1.8,1.17,0.54,2.1,5.18,3.47,10,7.4,1.2,0.6,2.4,0.81,0
149,Federico Fernández\Federico-Fernandez,ar ARG,DF,Newcastle Utd,32-083,1989,21.1,1.52,0.71,0.62,0.52,2.32,5.92,2.13,0.33,2.42,0.76,2.27,7.06,0.05
150,Fernandinho\Fernandinho,br BRA,MF,Manchester City,36-011,1985,11.8,2.37,1.61,0.93,2.03,5.68,3.47,10.7,2.63,0.76,1.95,4.32,2.63,0
151,Sam Field\Sam-Field,eng ENG,MF,West Brom,23-007,1998,0.7,12.9,10,2.86,1.43,14.3,11.4,18.6,1.43,8.57,0,12.9,5.71,0
152,Roberto Firmino\Roberto-Firmino,br BRA,FW,Liverpool,29-225,1991,28.7,1.18,0.73,0.38,0.84,5.19,2.13,8.82,7.8,1.88,0.31,1.5,0.31,0
153,John Fleck\John-Fleck,sco SCO,MF,Sheffield Utd,29-264,1991,25.6,1.56,0.86,0.47,1.76,4.57,6.48,8.87,3.09,1.41,1.29,2.85,0.66,0.04
154,Phil Foden\Phil-Foden,eng ENG,FWMF,Manchester City,20-352,2000,16.3,1.53,0.98,0.55,0.61,5.09,2.76,6.2,7.85,0.74,0.74,2.27,0.55,0
155,Wesley Fofana\Wesley-Fofana,fr FRA,DF,Leicester City,20-149,2000,23.9,2.51,1.67,0.71,0.63,3.35,5.19,4.1,0.33,1.88,2.05,4.56,5.06,0
156,Pablo Fornals\Pablo-Fornals,es ESP,FWMF,West Ham,25-082,1996,25.6,1.41,0.94,0.27,2.7,4.06,6.05,9.45,4.14,1.91,1.02,2.42,0.23,0.04
157,Fraser Forster\Fraser-Forster,eng ENG,GK,Southampton,33-059,1988,8,0,0,0,0.13,0.13,0.38,0,0,0,0,0,0.5,0
158,Timothy Fosu-Mensah\Timothy-Fosu-Mensah,nl NED,DF,Manchester Utd,23-133,1998,0.9,3.33,1.11,1.11,0,2.22,3.33,4.44,0,1.11,1.11,4.44,1.11,0
159,Ryan Fraser\Ryan-Fraser,sco SCO,FWMF,Newcastle Utd,27-080,1994,10.3,0.39,0.1,0,0.19,1.84,1.75,4.95,4.37,0.78,0.29,0.68,0.29,0
160,Fred\Fred,br BRA,MF,Manchester Utd,28-071,1993,25.6,3.32,2.11,1.09,2.15,7.66,8.79,11.5,4.1,2.38,1.84,5.16,1.21,0
161,Ryan Fredericks\Ryan-Fredericks,eng ENG,DFFW,West Ham,28-217,1992,6.3,2.06,0.95,0.95,1.11,2.06,6.03,2.22,2.06,2.54,1.27,3.33,3.49,0
162,Christian Fuchs\Christian-Fuchs,at AUT,DF,Leicester City,35-038,1986,7.8,1.92,1.15,0.64,1.15,2.95,6.79,3.46,0.9,2.05,1.54,3.46,3.97,0
163,Darnell Furlong\Darnell-Furlong,eng ENG,DF,West Brom,25-196,1995,29.6,1.35,0.47,0.51,0.71,2.3,3.95,3.07,1.55,2.47,0.84,2.2,3.68,0.03
164,Conor Gallagher\Conor-Gallagher,eng ENG,MF,West Brom,21-098,2000,25.1,2.87,1.91,0.76,2.63,6.29,8.13,12.4,4.38,2.19,1.31,4.18,1,0
165,Eric García\Eric-Garcia,es ESP,DF,Manchester City,20-126,2001,3.4,2.35,0.88,0.59,1.18,2.35,5.59,3.24,0.29,0.88,1.18,3.53,2.65,0
166,Dwight Gayle\Dwight-Gayle,eng ENG,FWMF,Newcastle Utd,30-210,1990,4.9,1.02,0.61,0.2,0.82,4.29,2.24,6.53,7.35,0.61,0.2,1.22,0,0
167,Jean-Philippe Gbamin\Jean-Philippe-Gbamin,ci CIV,MF,Everton,25-232,1995,0.1,10,10,0,10,20,0,10,30,10,0,10,10,0
168,David de Gea\David-de-Gea,es ESP,GK,Manchester Utd,30-189,1990,24.5,0,0,0,0,0,0,0,0,0,0,0,0.04,0
169,Anwar El Ghazi\Anwar-El-Ghazi,nl NED,FW,Aston Villa,26-012,1995,15.1,0.86,0.6,0.2,0.73,3.11,3.38,4.77,4.3,0.73,0.46,1.32,0.66,0
170,Kieran Gibbs\Kieran-Gibbs,eng ENG,DF,West Brom,31-231,1989,9,1.56,0.67,0.33,0.44,2.22,4.67,3.33,0.89,1.89,1.56,3.11,3.67,0
171,Morgan Gibbs-White\Morgan-Gibbs-White,eng ENG,FWMF,Wolves,21-108,2000,2.7,0.74,0.74,0.37,1.85,6.3,2.96,5.56,8.15,1.85,1.11,1.85,0.37,0
172,Billy Gilmour\Billy-Gilmour,sco SCO,MF,Chelsea,19-338,2001,2.9,1.38,0.34,0.69,1.72,5.86,8.28,11.7,3.45,1.72,1.38,2.76,0.69,0
173,Olivier Giroud\Olivier-Giroud,fr FRA,FW,Chelsea,34-227,1986,8.3,0.96,0.48,0,0.36,4.1,1.81,6.02,7.95,0.36,0.48,1.45,1.2,0
174,Ben Godfrey\Ben-Godfrey,eng ENG,DF,Everton,23-120,1998,26.8,1.94,1.04,0.86,0.34,3.84,8.13,3.32,0.67,2.87,1.49,3.43,4.48,0
175,André Gomes\Andre-Gomes,pt POR,MF,Everton,27-289,1993,17.2,2.79,1.98,1.1,2.27,6.74,7.09,10.8,3.43,1.69,0.87,3.66,0.52,0
176,Joe Gomez\Joe-Gomez,eng ENG,DF,Liverpool,23-357,1997,6.6,0.76,0.3,0,0.61,2.27,3.64,1.97,0.3,1.06,0.76,1.52,4.85,0.3
177,Anthony Gordon\Anthony-Gordon,eng ENG,FWMF,Everton,20-080,2001,1,3,2,0,2,3,5,9,4,2,1,4,1,0
178,Karlan Grant\Karlan-Grant,eng ENG,FWMF,West Brom,23-239,1997,12.3,0.49,0.24,0.24,0.24,3.25,1.87,5.12,6.26,0.57,0.89,1.38,1.06,0
179,Demarai Gray\Demarai-Gray,eng ENG,FW,Leicester City,24-321,1996,0.2,10,5,0,0,5,10,0,5,0,0,10,0,0
180,Jack Grealish\Jack-Grealish,eng ENG,FWMF,Aston Villa,25-247,1995,22.2,1.08,0.72,0.14,0.63,4.19,3.29,4.77,4.86,1.13,0.5,1.58,0.18,0.05
181,Mason Greenwood\Mason-Greenwood,eng ENG,FW,Manchester Utd,19-226,2001,19.3,0.98,0.62,0.21,0.93,3.68,2.69,5.85,4.51,0.31,0.41,1.4,0.16,0
182,Pascal Groß\Pascal-Gross,de GER,MFDF,Brighton,29-334,1991,24.6,1.59,0.89,0.65,0.93,3.74,4.55,6.79,3.41,1.1,0.93,2.52,0.89,0
183,Kamil Grosicki\Kamil-Grosicki,pl POL,FWMF,West Brom,32-341,1988,1.6,0.63,0,0.63,3.13,1.88,6.88,5,1.88,0.63,0,0.63,1.25,0
184,Vicente Guaita\Vicente-Guaita,es ESP,GK,Crystal Palace,34-125,1987,35,0,0,0,0.03,0.03,0.11,0,0,0,0,0,0.03,0
185,İlkay Gündoğan\Ilkay-Gundogan,de GER,MF,Manchester City,30-203,1990,21.9,1.1,0.78,0.37,1.32,2.83,1.92,4.61,3.06,0.59,0.87,1.96,0.59,0
186,Antwoine Hackford\Antwoine-Hackford,eng ENG,DFFW,Sheffield Utd,17-056,2004,0.1,0,0,0,0,20,0,0,30,10,0,0,0,0
187,Sébastien Haller\Sebastien-Haller,ci CIV,FW,West Ham,26-327,1994,10.4,1.06,0.38,0.38,1.35,4.04,1.15,11.1,6.92,0.38,0.48,1.54,0.67,0
188,Rekeem Harper\Rekeem-Harper,eng ENG,MF,West Brom,21-068,2000,0.4,5,2.5,2.5,0,0,5,17.5,2.5,0,0,5,0,0
189,Jack Harrison\Jack-Harrison,eng ENG,MF,Leeds United,24-176,1996,28.6,2.17,1.12,0.59,0.98,5.56,5.21,6.99,7.69,1.29,0.87,3.04,0.84,0
190,Kortney Hause\Kortney-Hause,eng ENG,DF,Aston Villa,25-303,1995,4,1,1,0,0,1.5,2.25,1.5,0.25,1,0.75,1.75,8.5,0
191,Kai Havertz\Kai-Havertz,de GER,MFFW,Chelsea,21-338,1999,16.6,1.14,0.66,0.24,1.14,3.49,2.35,7.59,5.66,1.57,0.66,1.81,0.9,0.06
192,Isaac Hayden\Isaac-Hayden,eng ENG,MFDF,Newcastle Utd,26-054,1995,21.6,2.31,1.57,0.32,0.93,4.68,7.31,8.98,2.55,1.94,2.13,4.44,2.64,0.05
193,Michael Hector\Michael-Hector,jm JAM,DF,Fulham,28-300,1992,2.9,2.41,1.72,1.03,1.38,3.79,7.24,2.41,0,2.07,0,2.41,3.79,0
194,Ahmed Hegazi\Ahmed-Hegazi,eg EGY,DF,West Brom,30-110,1991,1,0,0,0,0,4,8,2,0,2,0,0,11,0
195,Dean Henderson\Dean-Henderson,eng ENG,GK,Manchester Utd,24-064,1997,11.5,0,0,0,0.09,0.09,0.35,0,0,0,0,0,0,0
196,Jordan Henderson\Jordan-Henderson,eng ENG,MFDF,Liverpool,30-332,1990,18.9,1.01,0.48,0.42,1.11,3.17,3.17,4.5,2.06,1.48,1.53,2.54,2.28,0.05
197,Jeff Hendrick\Jeff-Hendrick,ie IRL,MF,Newcastle Utd,29-104,1992,15.7,0.38,0.25,0.13,0.76,2.99,2.55,6.56,1.78,1.46,0.76,1.15,1.78,0
198,Pablo Hernández\Pablo-Hernandez,es ESP,MF,Leeds United,36-034,1985,4,1.25,0.5,1,3.5,4.5,2.5,9.5,5,0.5,1,2.25,0.25,0
199,Son Heung-min\Son-Heung-min,kr KOR,FW,Tottenham,28-311,1992,31.6,0.79,0.41,0.38,1.68,3.99,3.42,9.27,5.16,0.98,0.66,1.46,0.13,0
200,Ki-Jana Hoever\Ki-Jana-Hoever,nl NED,DF,Wolves,19-117,2002,5.4,2.78,1.48,1.3,1.85,4.44,12.4,6.85,1.3,1.11,1.67,4.44,2.59,0
201,Rob Holding\Rob-Holding,eng ENG,DF,Arsenal,25-237,1995,26.4,1.33,0.68,0.34,0.68,3.14,6.17,3.67,0.53,1.86,0.76,2.08,5.64,0
202,Mason Holgate\Mason-Holgate,eng ENG,DF,Everton,24-205,1996,23.9,2.59,1.46,0.88,1.26,3.68,6.11,4.35,1.55,2.18,1.59,4.18,4.35,0.08
203,Conor Hourihane\Conor-Hourihane,ie IRL,MF,Aston Villa,30-102,1991,2.5,0,0,0,0.8,2.4,1.6,2.4,2.8,1.2,0,0,0.8,0
204,Callum Hudson-Odoi\Callum-Hudson-Odoi,eng ENG,FWDF,Chelsea,20-189,2000,11.8,2.03,1.02,0.59,0.93,4.58,3.14,6.02,4.41,1.53,0.85,2.88,0.68,0
205,Niall Huggins\Niall-Huggins,wal WAL,DF,Leeds United,20-148,2000,0.4,0,0,0,5,2.5,10,7.5,5,0,0,0,0,0
206,Pierre Højbjerg\Pierre-Hojbjerg,dk DEN,MF,Tottenham,25-283,1995,35,3.14,2.14,1.63,1.97,6.09,8.54,10.3,2.31,1.57,1.34,4.49,2.26,0
207,Odion Ighalo\Odion-Ighalo,ng NGA,FW,Manchester Utd,31-333,1989,0.1,0,0,0,10,0,10,0,10,0,0,0,0,0
208,Kelechi Iheanacho\Kelechi-Iheanacho,ng NGA,FW,Leicester City,24-224,1996,14.9,0.74,0.54,0.2,0.74,3.15,1.01,7.72,6.04,1.14,0.27,1.01,0.07,0
209,Danny Ings\Danny-Ings,eng ENG,FW,Southampton,28-296,1992,22.1,1.09,0.54,0.45,0.9,3.98,2.44,6.7,6.88,2.04,0.32,1.4,0.77,0.09
210,Branislav Ivanović\Branislav-Ivanovic,rs SRB,DF,West Brom,37-082,1984,8.5,1.65,0.59,0.59,0.82,2.12,6.35,3.29,0.12,1.76,0.35,2,3.65,0
211,Alex Iwobi\Alex-Iwobi,ng NGA,FWDF,Everton,25-012,1996,16.8,1.96,1.25,0.83,0.77,4.35,5.36,3.99,3.39,1.31,1.07,3.04,0.71,0
212,José Izquierdo\Jose-Izquierdo,co COL,DFMF,Brighton,28-312,1992,0.1,0,0,0,0,0,0,0,10,0,0,0,0,0
213,Phil Jagielka\Phil-Jagielka,eng ENG,DF,Sheffield Utd,38-271,1982,5.8,1.55,0.69,0.86,1.03,2.93,6.9,2.76,0,2.59,2.07,3.62,7.93,0.34
214,Alireza Jahanbakhsh\Alireza-Jahanbakhsh,ir IRN,FWMF,Brighton,27-277,1993,4,1.5,0.75,0.5,1.75,4.75,1.75,5.5,7.5,1.5,1,2.5,0,0
215,Daniel James\Daniel-James,wal WAL,FW,Manchester Utd,23-186,1997,9.1,1.21,0.99,0.11,2.31,4.62,4.07,8.57,8.79,1.32,1.1,2.31,0.33,0
216,Reece James\Reece-James,eng ENG,DF,Chelsea,21-158,1999,24.4,2.46,1.39,0.78,1.15,3.61,6.31,5.78,1.84,2.3,1.64,4.1,1.8,0
217,Alexandre Jankewitz\Alexandre-Jankewitz,ch SUI,MF,Southampton,19-141,2001,0,2,0,1,0,2,4,4,0,0,0,2,0,0
218,Daniel Jebbison\Daniel-Jebbison,eng ENG,FW,Sheffield Utd,17-308,2003,0.3,0,0,0,0,0,0,3.33,10,0,0,0,0,0
219,Gabriel Jesus\Gabriel-Jesus,br BRA,FW,Manchester City,24-042,1997,22,1,0.55,0.32,0.91,4.45,1.68,5.14,7.73,0.86,0.86,1.86,0.18,0
220,Raúl Jiménez\Raul-Jimenez,mx MEX,FW,Wolves,30-010,1991,9.1,0.77,0.44,0,0.77,2.42,1.32,3.96,4.62,0.88,0.66,1.43,1.1,0.11
221,Joelinton\Joelinton,br BRA,FWMF,Newcastle Utd,24-274,1996,21.5,1.95,1.16,0.6,1.12,4.47,4.09,9.16,4.88,1.72,0.93,2.88,0.98,0
222,Ben Johnson\Ben-Johnson,eng ENG,DF,West Ham,21-111,2000,5.8,1.55,0.52,0.86,0.69,2.24,7.76,3.79,2.41,1.72,1.9,3.45,2.41,0
223,Sam Johnstone\Sam-Johnstone,eng ENG,GK,West Brom,28-051,1993,34,0,0,0,0,0.06,0.09,0,0,0.03,0,0,0,0.03
224,Curtis Jones\Curtis-Jones,eng ENG,MF,Liverpool,20-105,2001,12.5,1.68,1.28,0.8,1.04,5.36,3.76,8.56,5.6,1.36,1.36,3.04,0.8,0.08
225,Jorginho\Jorginho,it ITA,MF,Chelsea,29-146,1991,20.7,2.56,1.64,0.97,2.27,7.49,7.58,10.7,2.71,1.88,2.32,4.88,0.92,0.05
226,Willian José\Willian-Jose,br BRA,FW,Wolves,29-173,1991,11.1,0.09,0.09,0,0.36,2.7,0.36,5.32,4.05,0.63,0.27,0.36,0.9,0
227,Diogo Jota\Diogo-Jota,pt POR,FW,Liverpool,24-162,1996,12.3,1.14,0.81,0.41,2.44,6.18,4.88,8.54,10.7,0.98,0.65,1.79,0.33,0
228,James Justin\James-Justin,eng ENG,DF,Leicester City,23-081,1998,23,2.74,1.22,0.74,1.13,4.78,7.96,4.65,2.48,2.35,1.09,3.83,2.78,0
229,Ozan Kabak\Ozan-Kabak,tr TUR,DF,Liverpool,21-051,2000,8.9,2.13,1.12,0.22,0.56,4.61,6.52,4.49,0.56,0.56,1.35,3.48,5.51,0.11
230,Aboubakar Kamara\Aboubakar-Kamara,mr MTN,FWDF,Fulham,26-069,1995,3.5,0.57,0.57,0.29,1.14,3.71,3.71,7.71,8.86,2.86,0.57,1.14,0.57,0
231,Harry Kane\Harry-Kane,eng ENG,FW,Tottenham,27-291,1993,31.2,0.54,0.35,0.16,0.45,2.88,0.64,5.8,5.22,0.93,0.45,0.99,1.25,0
232,N'Golo Kanté\NGolo-Kante,fr FRA,MF,Chelsea,30-047,1991,23.5,3.7,2.43,1.23,1.32,6.94,8.72,8.98,2.64,2.55,2.64,6.34,1.32,0
233,Moise Kean\Moise-Kean,it ITA,FW,Everton,21-076,2000,0.2,0,0,0,0,0,0,0,5,0,0,0,0,0
234,Michael Keane\Michael-Keane,eng ENG,DF,Everton,28-124,1993,30.2,0.89,0.46,0.3,0.6,1.92,3.91,1.72,0.3,2.19,1.23,2.12,5.96,0.07
235,Neeskens Kebano\Neeskens-Kebano,cd COD,FWMF,Fulham,29-066,1992,1.3,0.77,0.77,0.77,1.54,6.92,3.08,10,10,3.85,0,0.77,0.77,0
236,Naby Keïta\Naby-Keita,gn GUI,MF,Liverpool,26-094,1995,5.8,1.21,0.86,0.34,2.76,6.38,3.1,12.9,8.79,1.9,2.07,3.28,1.03,0
237,Caoimhín Kelleher\Caoimhin-Kelleher,ie IRL,GK,Liverpool,22-173,1998,2,0,0,0,0,0,0,0,0,0,0,0,0,0
238,Jonjoe Kenny\Jonjoe-Kenny,eng ENG,DF,Everton,24-061,1997,0.9,1.11,0,0,1.11,1.11,4.44,4.44,3.33,2.22,1.11,2.22,1.11,0
239,Reda Khadra\Reda-Khadra,de GER,FW,Brighton,19-315,2001,0.1,0,0,0,0,10,0,0,10,0,0,0,0,0
240,Max Kilman\Max-Kilman,eng ENG,DF,Wolves,23-357,1997,13.6,1.91,1.4,0.74,0.74,3.01,6.99,2.28,0.51,1.1,1.25,3.16,3.9,0
241,Joshua King\Joshua-King,no NOR,MFFW,Everton,29-120,1992,1.6,2.5,0.63,0.63,0,6.88,8.75,10.6,8.13,1.88,0.63,3.13,0.63,0
242,Mateusz Klich\Mateusz-Klich,pl POL,MF,Leeds United,30-336,1990,25.8,1.94,1.59,0.35,1.9,6.28,4.84,11.9,4.61,0.81,0.62,2.56,0.89,0
243,Robin Koch\Robin-Koch,de GER,DFMF,Leeds United,24-302,1996,12.6,2.3,1.43,0.95,0.95,3.81,7.22,6.35,0.95,2.46,1.03,3.33,3.17,0.16
244,Sead Kolašinac\Sead-Kolasinac,ba BIH,DF,Arsenal,27-329,1993,1,0,0,0,0,1,0,2,1,0,0,0,0,0
245,Terence Kongolo\Terence-Kongolo,nl NED,DF,Fulham,27-090,1994,1,4,4,0,0,8,6,7,1,2,0,4,6,0
246,Ezri Konsa\Ezri-Konsa,eng ENG,DF,Aston Villa,23-204,1997,32.5,0.95,0.58,0.28,0.22,1.97,3.72,2.34,0.34,1.69,0.71,1.66,5.42,0
247,Cheikhou Kouyaté\Cheikhou-Kouyate,sn SEN,DF,Crystal Palace,31-145,1989,31.7,1.96,1.04,0.69,0.57,2.97,6.56,2.46,0.47,1.67,1.1,3.06,4.92,0.06
248,Mateo Kovačić\Mateo-Kovacic,hr CRO,MF,Chelsea,27-009,1994,18.8,2.55,1.65,0.43,1.17,5.69,4.84,8.24,3.46,0.74,1.12,3.67,0.59,0.05
249,Emil Krafth\Emil-Krafth,se SWE,DF,Newcastle Utd,26-286,1994,12.5,1.84,1.28,0.8,1.12,3.92,6.48,4.32,1.44,2.24,1.44,3.28,4,0.08
250,Filip Krovinović\Filip-Krovinovic,hr CRO,MF,West Brom,25-259,1995,6.1,2.62,1.64,0.82,2.13,3.61,5.9,8.69,2.3,0.82,0.33,2.95,0.98,0
251,Alexandre Lacazette\Alexandre-Lacazette,fr FRA,FW,Arsenal,29-352,1991,21.2,1.18,0.9,0.19,0.57,5,1.89,6.32,7.22,0.8,0.66,1.84,0.61,0
252,Adam Lallana\Adam-Lallana,eng ENG,MFFW,Brighton,33-005,1988,16.5,1.76,1.45,0.48,2.3,5.88,6,8.36,4.06,1.52,0.97,2.73,0.79,0
253,Érik Lamela\Erik-Lamela,ar ARG,FWMF,Tottenham,29-072,1992,8,2.25,1.38,0.5,1,6.13,3.88,12.8,6.25,1,0.5,2.75,0.13,0
254,Tariq Lamptey\Tariq-Lamptey,eng ENG,DF,Brighton,20-227,2000,9.8,1.73,1.02,0.71,0.71,4.18,5,5.41,2.24,1.53,1.33,3.06,1.73,0
255,Manuel Lanzini\Manuel-Lanzini,ar ARG,MFFW,West Ham,28-089,1993,6.3,0.95,0.95,0.32,1.75,5.87,5.24,7.62,4.44,2.38,0.95,1.9,0.79,0
256,Aymeric Laporte\Aymeric-Laporte,fr FRA,DF,Manchester City,26-353,1994,14.9,0.87,0.4,0.2,0.4,1.61,3.22,1.81,0.4,1.21,0.54,1.41,3.56,0.07
257,Jamaal Lascelles\Jamaal-Lascelles,eng ENG,DF,Newcastle Utd,27-185,1993,18.1,1.05,0.66,0.22,0.11,2.93,4.92,2.87,0.39,2.15,0.83,1.88,5.97,0.06
258,Maxime Le Marchand\Maxime-Le-Marchand,fr FRA,DF,Fulham,31-216,1989,1.4,1.43,0.71,0.71,0,1.43,4.29,1.43,0.71,0,0,1.43,5,0
259,Mario Lemina\Mario-Lemina,ga GAB,MF,Fulham,27-256,1993,17.9,2.96,1.84,0.84,1.17,5.53,6.42,8.1,2.29,1.56,2.29,5.25,1.96,0
260,Bernd Leno\Bernd-Leno,de GER,GK,Arsenal,29-072,1992,32.8,0,0,0,0,0.06,0.09,0,0,0.03,0,0,0,0
261,Khanya Leshabela\Khanya-Leshabela,za RSA,MF,Leicester City,21-239,1999,0.1,10,0,10,0,0,0,20,20,0,0,10,0,0
262,Jamal Lewis\Jamal-Lewis,nir NIR,DF,Newcastle Utd,23-110,1998,20.4,2.45,1.27,1.03,0.98,3.97,8.82,5.98,1.67,1.72,0.98,3.43,1.72,0.05
263,Victor Lindelöf\Victor-Lindelof,se SWE,DF,Manchester Utd,26-302,1994,27.7,0.9,0.54,0.43,0.32,2.31,4.15,2.27,0.25,1.37,1.05,1.95,4.55,0.07
264,Jesse Lingard\Jesse-Lingard,eng ENG,MFFW,West Ham,28-151,1992,12.8,0.94,0.7,0.39,0.7,4.69,3.13,11.3,5.7,0.47,0.55,1.48,0,0
265,Jake Livermore\Jake-Livermore,eng ENG,MF,West Brom,31-182,1989,13.6,2.13,1.4,0.81,1.54,4.85,5.29,9.63,2.72,2.43,1.4,3.53,2.43,0
266,Diego Llorente\Diego-Llorente,es ESP,DF,Leeds United,27-272,1993,11.9,2.94,2.1,1.26,0.76,6.55,10.8,7.23,0.34,1.85,3.11,6.05,4.87,0.08
267,Hugo Lloris\Hugo-Lloris,fr FRA,GK,Tottenham,34-140,1986,35,0,0,0,0.03,0,0.06,0,0,0,0,0,0.06,0.03
268,Giovani Lo Celso\Giovani-Lo-Celso,ar ARG,MF,Tottenham,25-036,1996,9.7,2.99,2.06,0.72,2.06,8.25,8.97,13.9,4.54,1.03,0.82,3.81,0.82,0
269,Ruben Loftus-Cheek\Ruben-Loftus-Cheek,eng ENG,FW,Chelsea,25-112,1996,0.7,0,0,0,0,5.71,4.29,10,5.71,1.43,1.43,1.43,0,0
270,Ruben Loftus-Cheek\Ruben-Loftus-Cheek,eng ENG,MFFW,Fulham,25-112,1996,20.4,1.52,1.03,0.39,0.59,4.71,2.99,8.24,4.66,1.13,1.03,2.55,0.74,0
271,Kevin Long\Kevin-Long,ie IRL,DF,Burnley,30-270,1990,7.1,1.97,1.13,0.7,0.42,2.82,4.79,2.54,0.14,1.27,0.56,2.54,4.37,0
272,Shane Long\Shane-Long,ie IRL,FWMF,Southampton,34-113,1987,2.3,0.87,0,0.43,0.87,3.04,0.87,8.26,5.65,0.43,0.87,1.74,0.43,0
273,Matthew Longstaff\Matthew-Longstaff,eng ENG,MF,Newcastle Utd,21-055,2000,4.2,0.95,0.71,0.48,0.95,5.95,7.14,13.8,2.38,2.14,1.43,2.38,0.71,0
274,Sean Longstaff\Sean-Longstaff,eng ENG,MF,Newcastle Utd,23-197,1997,14.5,2.28,1.31,1.38,2.48,6.14,10.4,11.6,2.9,1.79,1.17,3.45,1.31,0.07
275,Ademola Lookman\Ademola-Lookman,eng ENG,FWMF,Fulham,23-207,1997,28.5,1.33,1.02,0.14,0.95,5.19,3.51,7.68,5.72,1.44,0.88,2.21,0.39,0
276,Max Lowe\Max-Lowe,eng ENG,DF,Sheffield Utd,24-004,1997,6.1,3.77,2.3,1.15,2.13,6.07,9.84,8.36,3.11,3.44,0.49,4.26,1.97,0.16
277,Matthew Lowton\Matthew-Lowton,eng ENG,DF,Burnley,31-340,1989,31,2.03,1.1,1,1.13,2.39,3.77,3.32,1.13,1.87,1.48,3.52,3.42,0.06
278,David Luiz\David-Luiz,br BRA,DF,Arsenal,34-023,1987,15.5,0.97,0.58,0.32,0.13,2.39,3.29,2.52,0.32,1.48,0.77,1.74,4.32,0
279,Douglas Luiz\Douglas-Luiz,br BRA,MF,Aston Villa,23-006,1998,29.7,2.02,1.35,0.61,1.41,5.08,7.74,9.66,2.42,1.92,1.08,3.1,1.58,0
280,John Lundstram\John-Lundstram,eng ENG,MF,Sheffield Utd,27-086,1994,22.6,1.15,0.53,0.4,1.5,3.32,4.78,7.61,3.1,1.73,0.93,2.08,1.5,0.04
281,Alexis Mac Allister\Alexis-Mac-Allister,ar ARG,MFFW,Brighton,22-142,1998,10.7,2.24,1.59,0.65,2.24,7.29,5.79,10.2,6.54,1.87,0.75,2.99,0.47,0
282,James Maddison\James-Maddison,eng ENG,MFFW,Leicester City,24-173,1996,22,1.59,1.14,0.41,0.82,3.95,2.5,7.27,4.59,0.59,0.45,2.05,0.27,0
283,Harry Maguire\Harry-Maguire,eng ENG,DF,Manchester Utd,28-071,1993,33.9,0.88,0.53,0.41,0.35,1.98,3.16,2.24,0.24,1.33,1.8,2.68,5.19,0.03
284,Riyad Mahrez\Riyad-Mahrez,dz ALG,FW,Manchester City,30-083,1991,19.9,1.01,0.75,0.4,1.21,2.71,1.11,4.87,5.38,1.11,0.25,1.26,0.15,0
285,Ainsley Maitland-Niles\Ainsley-Maitland-Niles,eng ENG,DF,Arsenal,23-259,1997,5.4,3.15,2.04,1.48,0.56,4.63,8.89,8.15,3.89,2.41,2.41,5.56,2.22,0.19
286,Ainsley Maitland-Niles\Ainsley-Maitland-Niles,eng ENG,MF,West Brom,23-259,1997,11.8,1.69,1.19,0.42,1.78,8.14,7.8,11.9,6.27,1.44,1.69,3.39,1.69,0
287,Josh Maja\Josh-Maja,ng NGA,FW,Fulham,22-139,1998,8.5,0.82,0.71,0.24,0.59,3.65,0.94,5.41,6,0.47,0.47,1.29,0.24,0
288,Sadio Mané\Sadio-Mane,sn SEN,FW,Liverpool,29-035,1992,28.2,1.31,0.96,0.28,0.5,5,2.09,5.43,7.77,1.28,0.53,1.84,0.21,0
289,Javier Manquillo\Javier-Manquillo,es ESP,DF,Newcastle Utd,27-010,1994,9.2,2.93,1.52,0.98,0.65,3.59,4.78,5,3.59,1.85,0.87,3.8,2.28,0
290,Fernando Marçal\Fernando-Marcal,br BRA,DF,Wolves,32-085,1989,6.8,1.32,0.59,0.29,0.59,2.79,4.41,3.24,1.62,2.79,1.03,2.35,3.38,0
291,Solly March\Solly-March,eng ENG,DF,Brighton,26-299,1994,18.6,3.01,1.88,0.81,0.97,3.82,4.62,4.52,3.76,2.69,1.02,4.03,0.86,0
292,Pablo Marí\Pablo-Mari,es ESP,DF,Arsenal,27-257,1993,10,1.4,1.1,0.4,0.7,2.7,4.1,2.5,0.2,1.3,0.5,1.9,5.6,0
293,Anthony Martial\Anthony-Martial,fr FRA,FW,Manchester Utd,25-161,1995,16.4,0.06,0.06,0,0.43,2.56,0.79,2.38,5.85,1.34,0.24,0.3,0.55,0
294,Martinelli\Martinelli,br BRA,FW,Arsenal,19-331,2001,6.3,0.95,0.16,0.63,1.27,4.44,2.7,7.3,11,1.59,1.11,2.06,0.95,0
295,Emiliano Martínez\Emiliano-Martinez,ar ARG,GK,Aston Villa,28-255,1992,35,0,0,0,0.03,0,0.14,0,0,0,0,0,0,0.03
296,Arthur Masuaku\Arthur-Masuaku,cd COD,DFFW,West Ham,27-189,1993,11.2,1.79,1.16,0.98,2.05,3.75,7.05,3.57,1.52,3.13,0.54,2.32,1.43,0
297,Juan Mata\Juan-Mata,es ESP,FWMF,Manchester Utd,33-017,1988,4.8,0.42,0.42,0,1.04,2.5,2.29,4.17,4.58,0.42,0,0.42,0.42,0
298,Jean-Philippe Mateta\Jean-Philippe-Mateta,fr FRA,FW,Crystal Palace,23-321,1997,2.5,0.4,0.4,0.4,0.8,1.6,0.8,7.2,4.4,0.8,0.4,0.8,0.8,0
299,Nemanja Matić\Nemanja-Matic,rs SRB,MF,Manchester Utd,32-287,1988,11.3,2.04,1.24,0.88,1.33,4.42,6.02,6.46,1.33,2.57,1.33,3.36,1.42,0.09
300,Joël Matip\Joel-Matip,cm CMR,DF,Liverpool,29-280,1991,7.7,1.95,1.43,0.65,0.39,3.12,4.55,2.6,0.39,0.91,0.52,2.47,3.64,0
301,Neal Maupay\Neal-Maupay,fr FRA,FWMF,Brighton,24-274,1996,27.9,0.86,0.65,0.14,0.5,5.23,2.65,6.7,7.67,0.65,0.43,1.29,0.32,0
302,James McArthur\James-McArthur,sco SCO,MF,Crystal Palace,33-220,1987,16.3,3.44,1.6,1.1,1.66,6.26,9.75,11.2,2.27,2.39,1.41,4.85,1.53,0
303,Oliver McBurnie\Oliver-McBurnie,sco SCO,FW,Sheffield Utd,24-345,1996,14.7,0.88,0.48,0.34,0.95,4.22,1.63,11,7.48,1.16,0.54,1.43,1.7,0
304,Alex McCarthy\Alex-McCarthy,eng ENG,GK,Southampton,31-163,1989,27,0,0,0,0.07,0.04,0.15,0,0,0,0,0,0.04,0.07
305,James McCarthy\James-McCarthy,ie IRL,MF,Crystal Palace,30-184,1990,6.5,1.69,0.77,0.77,1.54,4.31,8.92,8.46,1.23,2.62,1.08,2.77,1.38,0
306,John McGinn\John-McGinn,sco SCO,MF,Aston Villa,26-209,1994,34,1.97,1.24,0.59,1.41,4.44,5.26,8.94,3,1.09,1.15,3.12,0.82,0.06
307,David McGoldrick\David-McGoldrick,ie IRL,FWMF,Sheffield Utd,33-167,1987,23.6,1.1,0.64,0.34,0.97,4.24,2.67,7.16,6.95,1.31,0.51,1.61,0.89,0
308,Dwight McNeil\Dwight-McNeil,eng ENG,MF,Burnley,21-174,1999,31.6,1.27,0.63,0.35,1.2,4.08,4.56,8.48,4.24,1.71,1.11,2.37,0.76,0.03
309,Scott McTominay\Scott-McTominay,sco SCO,MF,Manchester Utd,24-158,1996,23,2,1.22,0.65,1.04,4.57,5.35,7.22,2.3,2.35,2.09,4.09,2.26,0
310,Ben Mee\Ben-Mee,eng ENG,DF,Burnley,31-234,1989,27.9,1.08,0.65,0.25,0.54,1.47,2.9,1.86,0.39,2.04,0.86,1.94,8.35,0.04
311,Benjamin Mendy\Benjamin-Mendy,fr FRA,DF,Manchester City,26-302,1994,10.6,1.42,0.94,0.47,1.23,3.96,3.02,4.91,3.87,2.26,0.57,1.98,1.04,0.09
312,Edouard Mendy\Edouard-Mendy,sn SEN,GK,Chelsea,29-075,1992,29,0,0,0,0.03,0,0.1,0,0,0,0,0,0,0.03
313,Nampalys Mendy\Nampalys-Mendy,sn SEN,MF,Leicester City,28-326,1992,15.4,2.21,1.43,0.45,0.52,5,6.49,7.21,2.34,1.36,0.45,2.66,0.52,0
314,Illan Meslier\Illan-Meslier,fr FRA,GK,Leeds United,21-074,2000,34,0,0,0,0.03,0.06,0.21,0,0,0,0,0,0.03,0.09
315,Luka Milivojević\Luka-Milivojevic,rs SRB,MF,Crystal Palace,30-038,1991,26.2,2.56,1.68,1.22,1.87,5.15,7.56,8.4,1.72,1.79,1.68,4.24,1.91,0
316,James Milner\James-Milner,eng ENG,MFDF,Liverpool,35-131,1986,11.7,2.05,1.2,0.68,2.22,5.81,4.36,10.1,2.99,3.33,1.28,3.33,1.88,0.09
317,Yerry Mina\Yerry-Mina,co COL,DF,Everton,26-234,1994,20.5,1.17,0.59,0.29,0.15,2.1,4.68,2.2,0.1,1.76,0.59,1.76,6.15,0.05
318,Takumi Minamino\Takumi-Minamino,jp JPN,MFFW,Southampton,26-119,1995,6.4,0.47,0.16,0.16,1.25,4.69,4.22,8.13,3.28,1.25,1.09,1.56,1.56,0
319,Takumi Minamino\Takumi-Minamino,jp JPN,MFFW,Liverpool,26-119,1995,3.3,1.21,0.91,0,3.64,7.58,5.76,12.4,6.67,0,0,1.21,0.91,0
320,Tyrone Mings\Tyrone-Mings,eng ENG,DF,Aston Villa,28-063,1993,33.5,0.84,0.51,0.42,0.36,1.97,3.85,2.48,0.57,2.24,0.96,1.79,6.33,0.15
321,Tyrick Mitchell\Tyrick-Mitchell,eng ENG,DF,Crystal Palace,21-256,1999,16,3.63,1.56,1,0.88,5,13.4,4.13,2.19,2.63,1.5,5.13,3.38,0.06
322,Aleksandar Mitrović\Aleksandar-Mitrovic,rs SRB,FW,Fulham,26-241,1994,15.6,0.71,0.58,0.13,0.38,4.55,0.77,4.23,7.5,1.15,0.19,0.9,0.45,0
323,Jakub Moder\Jakub-Moder,pl POL,DFMF,Brighton,22-038,1999,4.2,3.33,1.43,0.95,2.38,6.9,7.38,8.1,6.43,2.86,1.43,4.76,2.14,0
324,Jayson Molumby\Jayson-Molumby,ie IRL,MF,Brighton,21-282,1999,0,0,0,0,0,0,1,0,0,0,0,0,0,0
325,Wesley Moraes\Wesley-Moraes,br BRA,MFFW,Aston Villa,24-170,1996,0.2,0,0,0,5,5,0,15,5,0,0,0,0,0
326,Wes Morgan\Wes-Morgan,jm JAM,DF,Leicester City,37-114,1984,0.2,0,0,0,0,0,0,0,0,0,0,0,5,0
327,Mason Mount\Mason-Mount,eng ENG,MFFW,Chelsea,22-125,1999,30.1,2.46,1.5,0.66,1.59,6.68,4.58,10,6.94,1.53,1.16,3.62,0.47,0
328,Lucas Moura\Lucas-Moura,br BRA,FWMF,Tottenham,28-275,1992,15.4,2.14,1.36,0.58,1.36,4.03,4.48,7.79,4.55,1.17,1.3,3.44,0.71,0
329,Lys Mousset\Lys-Mousset,fr FRA,FWMF,Sheffield Utd,25-096,1996,3.3,0,0,0,0.91,3.33,0.3,6.67,11.2,0.3,0,0,0.3,0
330,João Moutinho\Joao-Moutinho,pt POR,MF,Wolves,34-249,1986,25.2,2.42,1.59,0.99,2.34,5.36,7.3,8.85,2.26,1.43,1.39,3.81,1.11,0
331,Joel Mumbongo\Joel-Mumbongo,se SWE,FW,Burnley,22-126,1999,0.4,0,0,0,0,2.5,0,2.5,15,2.5,0,0,0,0
332,Jacob Murphy\Jacob-Murphy,eng ENG,DFMF,Newcastle Utd,26-080,1995,16.1,2.92,1.93,1.8,1.49,5.4,9.63,6.46,3.23,2.55,1.18,4.1,1.68,0
333,Shkodran Mustafi\Shkodran-Mustafi,de GER,DF,Arsenal,29-028,1992,0.5,2,2,2,0,4,6,8,0,2,0,2,4,0
334,Marvelous Nakamba\Marvelous-Nakamba,zw ZIM,MF,Aston Villa,27-116,1994,6.3,2.54,1.27,0.48,0.95,6.35,12.4,10,1.59,1.9,1.43,3.97,2.7,0
335,Iliman Ndiaye\Iliman-Ndiaye,fr FRA,MF,Sheffield Utd,21-297,1999,0.1,0,0,0,0,10,10,40,30,10,0,0,0,0
336,Wilfred Ndidi\Wilfred-Ndidi,ng NGA,MFDF,Leicester City,24-150,1996,22.2,4.37,2.84,1.22,1.94,7.61,7.79,10.4,2.03,2.75,2.48,6.85,3.15,0
337,Tanguy Ndombele\Tanguy-Ndombele,fr FRA,MF,Tottenham,24-138,1996,22.9,2.14,1.4,0.48,1.4,6.55,5.76,10.4,3.49,1.48,1.27,3.41,0.83,0
338,Reiss Nelson\Reiss-Nelson,eng ENG,FW,Arsenal,21-156,1999,0.8,0,0,0,0,7.5,2.5,7.5,6.25,1.25,1.25,1.25,1.25,0
339,Pedro Neto\Pedro-Neto,pt POR,FWMF,Wolves,21-067,2000,28.3,0.74,0.64,0.18,0.88,3.36,2.93,5.16,3.67,0.88,1.02,1.77,0.39,0
340,Rúben Neves\Ruben-Neves,pt POR,MF,Wolves,24-063,1997,27.5,2.98,2.18,1.24,1.93,6.51,8.4,9.13,1.78,2.4,1.56,4.55,1.89,0.04
341,Eddie Nketiah\Eddie-Nketiah,eng ENG,FW,Arsenal,21-350,1999,4.7,0.85,0.64,0,0.43,2.98,2.13,10.9,10.2,1.49,0.21,1.06,0.85,0
342,Niels Nkounkou\Niels-Nkounkou,fr FRA,DF,Everton,20-195,2000,0.8,5,0,1.25,3.75,5,7.5,11.3,6.25,5,0,5,5,0
343,Dan Nlundulu\Dan-Nlundulu,eng ENG,FW,Southampton,22-099,1999,1.2,0,0,0,1.67,5.83,4.17,7.5,13.3,4.17,0,0,1.67,0
344,Mark Noble\Mark-Noble,eng ENG,MF,West Ham,34-007,1987,7.8,1.03,0.64,0.38,1.54,2.95,5.9,6.92,1.54,1.15,1.28,2.31,0.9,0
345,Oliver Norwood\Oliver-Norwood,nir NIR,MF,Sheffield Utd,30-033,1991,21.7,2.3,1.15,0.74,2.4,4.42,7,9.59,2.21,1.43,1.75,4.06,2.44,0.05
346,Jack O'Connell\Jack-OConnell,eng ENG,DF,Sheffield Utd,27-047,1994,2,1.5,0.5,0,1,2,2.5,1,1.5,3,0,1.5,5.5,0
347,Dara O'Shea\Dara-OShea,ie IRL,DF,West Brom,22-072,1999,22.7,2.2,1.28,0.7,1.28,3.74,6.65,3.44,0.66,2.25,1.72,3.92,6.26,0
348,Michael Obafemi\Michael-Obafemi,ie IRL,FW,Southampton,20-313,2000,0.6,1.67,1.67,0,0,10,13.3,11.7,10,1.67,1.67,3.33,0,0
349,Denis Odoi\Denis-Odoi,be BEL,DF,Fulham,32-353,1988,3,1,0,0.33,1,1,3.67,2.67,1.33,2,0.33,1.33,3.67,0
350,Angelo Ogbonna\Angelo-Ogbonna,it ITA,DF,West Ham,32-357,1988,24.7,1.01,0.73,0.08,0.53,3.2,4.82,2.87,0.36,1.46,0.81,1.82,6.07,0
351,Robin Olsen\Robin-Olsen,se SWE,GK,Everton,31-127,1990,7,0,0,0,0,0,0,0,0,0,0,0,0.29,0
352,Josh Onomah\Josh-Onomah,eng ENG,MF,Fulham,24-018,1997,2.3,2.61,1.3,0,2.17,6.09,3.91,14.3,7.39,1.3,0,2.61,0.87,0
353,Divock Origi\Divock-Origi,be BEL,FW,Liverpool,26-027,1995,2.1,2.38,1.9,0.48,0,7.62,1.43,6.67,12.9,1.9,0.48,2.86,0.95,0
354,Ben Osborn\Ben-Osborn,eng ENG,MFDF,Sheffield Utd,26-283,1994,15.2,1.78,1.05,0.66,2.17,5.33,7.57,9.67,5.86,1.78,0.92,2.7,0.86,0
355,Owen Otasowie\Owen-Otasowie,us USA,MFFW,Wolves,20-025,2001,2.1,3.33,2.38,0,0.48,8.57,3.81,10.5,2.38,1.43,1.43,4.76,0.95,0
356,Alex Oxlade-Chamberlain\Alex-Oxlade-Chamberlain,eng ENG,MFFW,Liverpool,27-273,1993,2.7,0.74,0.37,0,2.22,4.44,1.48,9.26,6.67,1.11,0.37,1.11,0.37,0
357,Emerson Palmieri\Emerson-Palmieri,it ITA,DF,Chelsea,26-285,1994,1,3,2,1,2,3,6,3,5,2,1,4,10,0
358,Thomas Partey\Thomas-Partey,gh GHA,MF,Arsenal,27-336,1993,15.2,2.76,1.71,1.05,1.84,5.53,6.38,7.37,2.04,1.71,1.58,4.34,1.64,0
359,Rui Patrício\Rui-Patricio,pt POR,GK,Wolves,33-089,1988,35,0,0,0,0.03,0,0.09,0,0,0,0,0,0.03,0
360,Bailey Peacock-Farrell\Bailey-Peacock-Farrell,nir NIR,GK,Burnley,24-198,1996,3,0,0,0,0.33,0.33,0.33,0,0,0,0,0,0,0
361,Lee Peltier\Lee-Peltier,eng ENG,DF,West Brom,34-155,1986,2.5,4,2.8,1.2,0,4.8,6,5.6,1.2,0.8,0.8,4.8,4.8,0
362,Nicolas Pépé\Nicolas-Pepe,ci CIV,FW,Arsenal,25-351,1995,16,1.25,1,0.5,0.75,3.38,2.56,4.31,5.69,1.38,0.94,2.19,0.63,0.06
363,Matheus Pereira\Matheus-Pereira,br BRA,MFFW,West Brom,25-010,1996,26.6,1.24,0.75,0.38,1.32,4.29,3.87,8.2,4.4,1.09,1.05,2.29,0.64,0
364,Ricardo Pereira\Ricardo-Pereira,pt POR,DF,Leicester City,27-221,1993,10.1,3.27,1.68,0.99,1.68,6.14,7.72,6.53,3.37,2.57,1.58,4.85,2.57,0
365,Ayoze Pérez\Ayoze-Perez,es ESP,MFFW,Leicester City,27-296,1993,13.7,2.26,1.02,0.66,2.04,5.99,4.31,10.8,7.01,2.19,1.31,3.58,0.44,0
366,Kalvin Phillips\Kalvin-Phillips,eng ENG,MF,Leeds United,25-164,1995,24.5,2.73,1.59,0.94,2.08,6.94,9.39,10.7,2.29,2.2,1.88,4.61,2.16,0
367,Matt Phillips\Matt-Phillips,sco SCO,MF,West Brom,30-063,1991,17.3,0.98,0.58,0.29,1.21,3.35,4.45,6.53,4.34,2.72,0.92,1.91,0.98,0
368,Nathaniel Phillips\Nathaniel-Phillips,eng ENG,DF,Liverpool,24-055,1997,13.2,0.91,0.61,0.08,1.14,4.47,5.45,6.21,0.45,1.52,1.59,2.5,7.88,0
369,Jordan Pickford\Jordan-Pickford,eng ENG,GK,Everton,27-069,1994,27.5,0,0,0,0.04,0.07,0.29,0,0,0.07,0,0,0.11,0.07
370,Erik Pieters\Erik-Pieters,nl NED,DFMF,Burnley,32-281,1988,14.1,2.84,1.91,1.35,1.63,3.9,6.74,6.45,1.91,3.12,0.71,3.55,2.98,0
371,Daniel Podence\Daniel-Podence,pt POR,MFFW,Wolves,25-206,1995,18.5,0.97,0.38,0.32,0.92,3.57,3.51,5.68,3.95,0.38,0.81,1.78,0.32,0
372,Paul Pogba\Paul-Pogba,fr FRA,MFFW,Manchester Utd,28-061,1993,20.1,1.84,1.29,0.65,1.09,4.63,4.33,6.07,3.63,1,1.24,3.08,2.24,0
373,Nick Pope\Nick-Pope,eng ENG,GK,Burnley,29-026,1992,32,0,0,0,0.03,0.06,0.22,0,0,0,0.03,0.03,0.09,0.03
374,Dennis Praet\Dennis-Praet,be BEL,MFFW,Leicester City,27-001,1994,8,1.5,0.88,0.75,1,4,4.5,8,4,1.75,1.13,2.63,0.38,0
375,Davy Pröpper\Davy-Propper,nl NED,MF,Brighton,29-255,1991,2.4,2.92,2.08,0.83,1.25,5.42,5.42,6.25,0.83,0.83,0.83,3.75,0,0
376,Christian Pulisic\Christian-Pulisic,us USA,FWMF,Chelsea,22-239,1998,17.3,1.27,0.81,0.35,0.81,5.49,3.99,7.98,5.9,1.73,0.52,1.79,0.52,0
377,Aaron Ramsdale\Aaron-Ramsdale,eng ENG,GK,Sheffield Utd,23-001,1998,35,0,0,0,0,0.09,0.2,0,0.03,0,0,0,0.03,0.09
378,Jacob Ramsey\Jacob-Ramsey,eng ENG,MF,Aston Villa,19-352,2001,5.9,1.53,1.19,0,1.86,8.47,11,12.4,5.42,2.37,0.85,2.37,0.85,0
379,Kayne Ramsey\Kayne-Ramsey,eng ENG,DF,Southampton,20-217,2000,1,5,3,3,0,5,7,1,0,1,1,6,4,0
380,Darren Randolph\Darren-Randolph,ie IRL,GK,West Ham,34-003,1987,2,0,0,0,0,0,0,0,0,0,0,0,0,0
381,Marcus Rashford\Marcus-Rashford,eng ENG,FW,Manchester Utd,23-196,1997,32.1,0.47,0.28,0.12,0.56,2.31,1.18,4.45,4.98,0.75,0.31,0.78,0.28,0
382,Tim Ream\Tim-Ream,us USA,DF,Fulham,33-222,1987,5,1,0.4,0.4,0.6,1.2,2.4,2.6,0,1.8,0.6,1.6,3.4,0.2
383,Nathan Redmond\Nathan-Redmond,eng ENG,MFFW,Southampton,27-070,1994,17.1,1.75,0.94,0.41,0.58,5.09,4.74,7.72,6.37,1.35,0.82,2.57,0.58,0
384,Harrison Reed\Harrison-Reed,eng ENG,MF,Fulham,26-108,1995,23.6,2.8,1.69,1.02,2.46,6.48,9.45,9.79,1.99,1.95,2.08,4.87,2.33,0
385,Sergio Reguilón\Sergio-Reguilon,es ESP,DF,Tottenham,24-150,1996,21.9,2.19,1.14,0.78,1,4.79,7.44,5.89,2.79,2.1,1.46,3.65,2.65,0
386,Bobby Reid\Bobby-Reid,jm JAM,MFFW,Fulham,28-102,1993,23.4,1.2,0.77,0.34,0.98,4.02,4.74,5.98,5.04,1.54,0.56,1.75,1.71,0
387,Declan Rice\Declan-Rice,eng ENG,MF,West Ham,22-121,1999,29,2.45,1.69,0.83,0.93,4.52,6.45,7.41,1.17,1.66,2.17,4.62,1.48,0.03
388,Lewis Richardson\Lewis-Richardson,eng ENG,FWMF,Burnley,18-097,2003,0,0,0,0,1,2,0,2,1,0,0,0,0,0
389,Richarlison\Richarlison,br BRA,FW,Everton,24-005,1997,28.9,1.56,1,0.42,0.93,4.53,4.15,7.27,6.16,1.04,0.66,2.21,1.14,0
390,Jaïro Riedewald\Jairo-Riedewald,nl NED,MF,Crystal Palace,24-248,1996,19.1,1.73,1.1,0.68,1.2,4.19,5.55,7.12,1.52,2.3,1.2,2.93,1.41,0
391,Matt Ritchie\Matt-Ritchie,sco SCO,DFMF,Newcastle Utd,31-247,1989,13,1.23,0.69,0.38,1.08,2.23,4.77,3.38,2.08,2.15,1.54,2.77,2.77,0
392,Tyler Roberts\Tyler-Roberts,wal WAL,MFFW,Leeds United,22-123,1999,14.3,1.26,0.56,0.28,0.77,4.06,2.73,8.95,5.73,1.4,0.56,1.82,0.98,0.07
393,Andrew Robertson\Andrew-Robertson,sco SCO,DF,Liverpool,27-065,1994,34.6,1.42,0.78,0.81,0.87,3.21,3.01,3.35,3.01,1.68,0.92,2.34,2.2,0.03
394,Antonee Robinson\Antonee-Robinson,us USA,DF,Fulham,23-280,1997,24,2,1.13,0.79,0.96,3.5,5,2.96,2.42,2.13,1.83,3.83,3.46,0
395,Callum Robinson\Callum-Robinson,ie IRL,FWMF,West Brom,26-102,1995,16.7,0.78,0.42,0.24,0.78,3.59,2.57,5.33,6.95,0.9,0.84,1.62,0.54,0
396,Jack Robinson\Jack-Robinson,eng ENG,DF,Sheffield Utd,27-256,1993,6.7,1.79,1.19,0.75,0,3.13,4.63,2.69,1.04,1.34,0.9,2.69,4.78,0
397,Hal Robson-Kanu\Hal-Robson-Kanu,wal WAL,FWMF,West Brom,31-359,1989,4,0.5,0.5,0,0,2.5,1.25,8,7,1,0.5,1,0.75,0
398,Marek Rodák\Marek-Rodak,sk SVK,GK,Fulham,24-153,1996,1,0,0,0,1,0,2,0,0,0,0,0,0,0
399,Joe Rodon\Joe-Rodon,wal WAL,DF,Tottenham,23-205,1997,8.1,1.85,1.11,0.49,0.12,2.47,6.67,2.47,0.37,1.85,1.6,3.46,6.3,0.12
400,Rodri\Rodri,es ESP,MF,Manchester City,24-327,1996,29.1,2.71,2.03,1.07,1.34,6.36,5.36,8.87,2.47,1.31,1.27,3.99,2.3,0.03
401,Rodrigo\Rodrigo,es ESP,MFFW,Leeds United,30-070,1991,12.6,1.51,0.87,0.16,1.51,4.92,3.25,9.21,6.03,0.71,0.63,2.14,1.03,0
402,James Rodríguez\James-Rodriguez,co COL,FWMF,Everton,29-307,1991,18.7,1.02,0.7,0.43,1.76,3.16,3.8,5.94,2.89,1.28,0.86,1.87,0.05,0
403,Jay Rodriguez\Jay-Rodriguez,eng ENG,FWMF,Burnley,31-290,1989,13.5,2.07,1.04,0.44,1.04,4.89,3.33,9.7,9.04,2,0.3,2.37,0.44,0
404,Oriol Romeu\Oriol-Romeu,es ESP,MF,Southampton,29-233,1991,19.2,3.54,1.82,1.15,2.19,5.36,6.56,9.84,1.25,1.67,1.3,4.84,0.99,0
405,John Ruddy\John-Ruddy,eng ENG,GK,Wolves,34-203,1986,0,0,0,0,0,0,0,0,0,0,0,0,0,0
406,Antonio Rüdiger\Antonio-Rudiger,de GER,DF,Chelsea,28-073,1993,17,1.65,0.94,0.71,0.24,3.18,4.29,3.35,0.65,1.06,0.88,2.53,4.65,0
407,Mathew Ryan\Mathew-Ryan,au AUS,GK,Brighton,29-037,1992,11,0,0,0,0,0,0.18,0,0,0,0,0,0.09,0
408,Mathew Ryan\Mathew-Ryan,au AUS,GK,Arsenal,29-037,1992,3,0,0,0,0,0,0,0,0,0,0,0,0,0
409,Allan Saint-Maximin\Allan-Saint-Maximin,fr FRA,FWMF,Newcastle Utd,24-064,1997,15.8,0.95,0.7,0.06,0.44,3.23,2.28,6.96,3.29,0.82,0.51,1.46,0,0
410,Romain Saïss\Romain-Saiss,ma MAR,DF,Wolves,31-050,1990,24.7,1.38,0.73,0.28,0.57,3.16,6.4,3.04,0.16,1.62,1.21,2.59,6.32,0.08
411,Bukayo Saka\Bukayo-Saka,eng ENG,FWDF,Arsenal,19-252,2001,27.5,1.16,0.65,0.15,0.95,3.85,3.35,5.53,4.65,1.42,0.95,2.11,1.13,0
412,Mamadou Sakho\Mamadou-Sakho,fr FRA,DF,Crystal Palace,31-091,1990,3.1,1.29,0.65,0.97,0,1.94,2.58,1.94,0,0.97,0,1.29,4.52,0.32
413,Mohamed Salah\Mohamed-Salah,eg EGY,FW,Liverpool,28-334,1992,31.2,0.83,0.42,0.19,0.32,4.46,1.31,4.9,10.1,0.42,0.26,1.09,0.32,0.03
414,Mohammed Salisu\Mohammed-Salisu,gh GHA,DF,Southampton,22-028,1999,6.4,3.28,1.88,1.56,1.25,6.56,7.34,7.66,0.94,2.5,2.97,6.25,4.84,0
415,Davinson Sánchez\Davinson-Sanchez,co COL,DF,Tottenham,24-337,1996,15.5,2.39,1.55,1.03,0.71,3.1,6.19,2.71,0.45,1.1,0.77,3.16,7.29,0
416,Robert Sánchez\Robert-Sanchez,es ESP,GK,Brighton,23-178,1997,24,0,0,0,0,0,0.08,0,0,0,0,0,0,0
417,Morgan Sanson\Morgan-Sanson,fr FRA,MF,Aston Villa,26-270,1994,3.3,1.82,1.52,0,1.52,10.3,9.09,14.5,7.58,1.21,2.12,3.94,1.21,0
418,Romaine Sawyers\Romaine-Sawyers,kn SKN,MF,West Brom,29-194,1991,16.5,1.88,1.15,0.61,1.58,4.91,10,8.67,1.45,1.09,1.33,3.21,0.91,0.06
419,Dane Scarlett\Dane-Scarlett,eng ENG,FW,Tottenham,17-052,2004,0,0,0,0,0,1,0,1,0,0,0,0,0,0
420,Fabian Schär\Fabian-Schar,ch SUI,DF,Newcastle Utd,29-146,1991,13.6,1.4,0.66,0.51,1.1,2.43,4.78,3.01,0.29,1.69,1.62,3.01,4.49,0.07
421,Jeffrey Schlupp\Jeffrey-Schlupp,gh GHA,MF,Crystal Palace,28-143,1992,13.5,1.85,1.04,0.44,0.96,3.93,5.19,6.74,2.59,2.3,1.11,2.96,0.74,0.07
422,Kasper Schmeichel\Kasper-Schmeichel,dk DEN,GK,Leicester City,34-191,1986,36,0,0,0,0,0,0.11,0,0,0,0,0,0,0
423,Nélson Semedo\Nelson-Semedo,pt POR,DF,Wolves,27-180,1993,30.1,2.62,1.63,1.2,0.93,4.82,8.14,5.35,2.79,1.76,1.36,3.99,2.76,0
424,Jamie Shackleton\Jamie-Shackleton,eng ENG,MFDF,Leeds United,21-219,1999,5.1,1.57,0.98,0.2,1.37,3.53,4.12,7.25,3.14,1.37,1.18,2.75,0.98,0
425,Xherdan Shaqiri\Xherdan-Shaqiri,ch SUI,MFFW,Liverpool,29-217,1991,5.8,1.03,0.69,0.34,0.69,5.52,3.1,5.86,7.07,1.21,0.69,1.72,0.17,0
426,Billy Sharp\Billy-Sharp,eng ENG,FW,Sheffield Utd,35-099,1986,8.2,0.85,0.61,0.37,0.85,4.15,1.59,7.68,8.41,0.24,0.37,1.22,0.12,0
427,Luke Shaw\Luke-Shaw,eng ENG,DF,Manchester Utd,25-307,1995,28.5,2.11,1.51,0.81,0.56,4.67,4.39,5.19,2.74,2.14,0.95,3.05,1.86,0.07
428,Jonjo Shelvey\Jonjo-Shelvey,eng ENG,MF,Newcastle Utd,29-077,1992,27.1,1.59,0.85,0.37,1.29,2.55,5.35,5.76,1.85,1.14,1.4,2.99,2.36,0
429,Shola Shoretire\Shola-Shoretire,eng ENG,FW,Manchester Utd,17-102,2004,0,0,0,0,0,0,0,3,0,0,0,0,0,0
430,Gylfi Sigurðsson\Gylfi-Sigurdsson,is ISL,MF,Everton,31-249,1989,22.9,1.44,0.92,0.48,1.05,4.67,4.89,9.3,4.63,2.01,1.22,2.66,0.83,0
431,Bernardo Silva\Bernardo-Silva,pt POR,MFFW,Manchester City,26-278,1994,22.1,1.4,0.9,0.5,1.54,4.84,2.99,7.6,5.75,0.86,0.9,2.31,0.36,0
432,Fábio Silva\Fabio-Silva,pt POR,FW,Wolves,18-300,2002,12.3,0.41,0.16,0.08,0.57,3.98,1.79,8.13,6.34,0.81,0.41,0.81,0.33,0
433,Thiago Silva\Thiago-Silva,br BRA,DF,Chelsea,36-235,1984,19.5,1.08,0.62,0.46,0.36,1.74,2.21,2.41,0.21,1.23,1.18,2.26,4.97,0.05
434,Moussa Sissoko\Moussa-Sissoko,fr FRA,MF,Tottenham,31-272,1989,17.6,1.42,1.14,0.4,0.8,4.26,7.67,4.77,1.31,1.53,0.91,2.33,1.82,0
435,Islam Slimani\Islam-Slimani,dz ALG,FW,Leicester City,32-331,1988,0.2,0,0,0,0,10,0,15,10,0,0,0,0,0
436,William Smallbone\William-Smallbone,ie IRL,MF,Southampton,21-083,2000,1.9,3.16,2.11,0.53,1.58,9.47,4.74,11.1,6.84,2.63,0.53,3.68,1.05,0
437,Emile Smith-Rowe\Emile-Smith-Rowe,eng ENG,MFFW,Arsenal,20-291,2000,14.2,0.85,0.42,0.42,0.63,3.94,3.24,6.69,5.63,1.13,0.99,1.83,0.92,0
438,Robert Snodgrass\Robert-Snodgrass,sco SCO,MFFW,West Brom,33-250,1987,5.8,3.45,2.07,1.38,1.72,4.31,5.86,5.86,3.1,2.24,0.69,4.14,2.07,0
439,Robert Snodgrass\Robert-Snodgrass,sco SCO,FWDF,West Ham,33-250,1987,0.1,10,10,0,0,0,0,0,0,0,0,10,0,0
440,Cédric Soares\Cedric-Soares,pt POR,DF,Arsenal,29-257,1991,8.3,1.93,1.2,0.72,1.93,4.22,6.27,5.18,2.53,1.69,0.96,2.89,2.53,0
441,Tomáš Souček\Tomas-Soucek,cz CZE,MF,West Ham,26-077,1995,35,2.11,1.26,0.63,1.54,4.11,5.6,7.43,2.29,1.4,1.37,3.49,3.8,0.03
442,Çağlar Söyüncü\Caglar-Soyuncu,tr TUR,DF,Leicester City,24-357,1996,18.2,1.32,0.82,0.27,0.66,2.64,4.4,2.8,0.27,1.04,1.32,2.64,5.27,0.11
443,Zack Steffen\Zack-Steffen,us USA,GK,Manchester City,26-043,1995,1,0,0,0,0,0,0,0,0,0,0,0,0,0
444,Dale Stephens\Dale-Stephens,eng ENG,MF,Burnley,31-337,1989,2.9,3.45,1.38,1.72,1.03,5.17,5.17,9.31,2.07,1.03,1.03,4.48,0,0
445,Jack Stephens\Jack-Stephens,eng ENG,DF,Southampton,27-108,1994,15.1,2.12,1.06,0.93,1.32,3.25,5.7,3.64,0.53,2.58,1.39,3.51,5.17,0.07
446,Raheem Sterling\Raheem-Sterling,eng ENG,FW,Manchester City,26-158,1994,27.2,0.74,0.66,0.22,0.48,2.98,1.25,4.85,4.23,0.59,0.51,1.25,0.07,0
447,Enda Stevens\Enda-Stevens,ie IRL,DF,Sheffield Utd,30-310,1990,27,1.81,0.81,0.7,1.33,3,6.59,5.15,2.15,2.15,1.67,3.48,3.44,0.07
448,John Stones\John-Stones,eng ENG,DF,Manchester City,26-352,1994,19.5,0.77,0.41,0.21,0.36,2.1,2.67,2.62,0.46,1.44,0.87,1.64,3.28,0
449,Pascal Struijk\Pascal-Struijk,nl NED,DFMF,Leeds United,21-277,1999,21.3,2.39,1.27,0.56,0.66,5.12,8.73,6.76,0.89,2.3,1.83,4.23,4.13,0.05
450,Japhet Tanganga\Japhet-Tanganga,eng ENG,DF,Tottenham,22-045,1999,3.5,0.29,0.29,0,0.29,3.43,6.57,2.57,1.14,2,0.29,0.57,3.43,0
451,Matt Targett\Matt-Targett,eng ENG,DF,Aston Villa,25-239,1995,34.8,2.56,1.47,1.41,1.21,3.36,5.66,3.28,1.84,2.04,1.18,3.74,3.25,0.03
452,James Tarkowski\James-Tarkowski,eng ENG,DF,Burnley,28-177,1992,33,2.09,1.15,0.88,0.64,2.82,4.58,1.97,0.27,1.94,1.48,3.58,6.61,0.03
453,Percy Tau\Percy-Tau,za RSA,FWMF,Brighton,27-002,1994,0.9,1.11,0,1.11,1.11,2.22,8.89,10,6.67,2.22,0,1.11,0,0
454,Sidnei Tavares\Sidnei-Tavares,pt POR,MF,Leicester City,19-228,2001,0.9,0,0,0,0,7.78,8.89,10,2.22,1.11,1.11,1.11,0,0
455,Charlie Taylor\Charlie-Taylor,eng ENG,DF,Burnley,27-239,1993,24,1.79,0.96,0.88,0.96,2.54,3.46,3.58,1.42,2.58,1.04,2.83,3.5,0.04
456,Neil Taylor\Neil-Taylor,wal WAL,DF,Aston Villa,32-097,1989,0.2,5,0,0,0,0,15,0,5,0,0,5,0,0
457,Allan Tchaptchet\Allan-Tchaptchet,fr FRA,DF,Southampton,19-145,2001,0.1,0,0,0,0,0,10,0,0,0,0,0,0,0
458,Nathan Tella\Nathan-Tella,eng ENG,FWMF,Southampton,21-314,1999,6.8,1.18,0.59,0.59,1.18,6.47,4.12,13.5,9.12,1.62,1.18,2.35,0.74,0
459,Alex Telles\Alex-Telles,br BRA,DF,Manchester Utd,28-151,1992,6.7,1.64,0.9,0.6,0.75,2.99,4.33,2.69,1.49,1.64,1.34,2.99,3.58,0
460,Kenny Tete\Kenny-Tete,nl NED,DF,Fulham,25-218,1995,14.4,3.47,1.67,0.69,0.76,4.51,7.5,5,2.57,1.94,1.6,5.07,3.82,0
461,Luke Thomas\Luke-Thomas,eng ENG,DF,Leicester City,19-339,2001,8.8,1.7,0.57,0.68,0.34,4.77,6.59,6.48,3.75,2.73,1.14,2.84,2.73,0
462,Youri Tielemans\Youri-Tielemans,be BEL,MF,Leicester City,24-008,1997,35.3,1.9,1.39,0.68,1.76,4.56,4.14,6.54,2.52,1.47,0.99,2.89,0.71,0
463,Kieran Tierney\Kieran-Tierney,sco SCO,DF,Arsenal,23-344,1997,23.7,1.22,0.72,0.38,0.8,2.62,2.87,3.29,1.81,1.94,0.68,1.9,3.16,0
464,James Tomkins\James-Tomkins,eng ENG,DF,Crystal Palace,32-047,1989,4.3,0.93,0.47,0.7,0.23,1.4,4.65,1.16,0,0.93,0.47,1.4,8.6,0
465,Fikayo Tomori\Fikayo-Tomori,eng ENG,DF,Chelsea,23-147,1997,0.5,6,4,4,0,2,6,0,0,8,2,8,16,0
466,Ferrán Torres\Ferran-Torres,es ESP,FWMF,Manchester City,21-075,2000,14.2,0.99,0.49,0.49,0.99,4.51,2.54,6.34,6.06,1.2,0.42,1.41,0.42,0
467,Cenk Tosun\Cenk-Tosun,tr TUR,FW,Everton,29-342,1991,0.5,0,0,0,0,2,4,8,4,0,0,0,0,0
468,Andros Townsend\Andros-Townsend,eng ENG,MFFW,Crystal Palace,29-303,1991,22.1,2.58,1.4,0.9,2.9,5.16,9.28,7.87,3.21,2.31,1.9,4.48,0.54,0
469,Conor Townsend\Conor-Townsend,eng ENG,DF,West Brom,28-072,1993,21.8,2.16,1.33,1.19,1.01,3.9,5.46,4.4,1.51,1.79,1.65,3.81,2.61,0.05
470,Adama Traoré\Adama-Traore,es ESP,FW,Wolves,25-110,1996,27.1,1.03,0.7,0.3,0.33,3.54,2.8,6.2,2.77,0.92,0.37,1.4,0.55,0.04
471,Bertrand Traoré\Bertrand-Traore,bf BFA,FW,Aston Villa,25-251,1995,23.3,1.03,0.39,0.39,1.24,2.79,4.16,6.18,4.89,0.94,0.94,1.97,0.69,0
472,Trézéguet\Trezeguet,eg EGY,FW,Aston Villa,26-226,1994,13,2.46,1.38,0.85,2.08,5.15,7,9.15,7.23,2.08,0.85,3.31,1.23,0
473,Leandro Trossard\Leandro-Trossard,be BEL,FWMF,Brighton,26-162,1994,26.9,1,0.74,0.22,0.93,4.5,3.72,6.02,4.83,1.41,0.78,1.78,0.15,0
474,Kostas Tsimikas\Kostas-Tsimikas,gr GRE,DF,Liverpool,25-003,1996,0.1,0,0,0,0,30,0,20,20,0,0,0,0,0
475,Axel Tuanzebe\Axel-Tuanzebe,eng ENG,DF,Manchester Utd,23-182,1997,2.5,2.8,1.2,1.6,0.8,5.2,9.2,4.8,0.4,4,0.4,3.2,4.4,0
476,Cengiz Ünder\Cengiz-Under,tr TUR,MFFW,Leicester City,23-305,1997,3.1,0.97,0.97,0.32,1.29,4.84,3.55,5.81,4.84,1.61,0.97,1.94,0,0
477,Yan Valery\Yan-Valery,fr FRA,DFMF,Southampton,22-082,1999,1.1,2.73,1.82,0,3.64,8.18,11.8,10,7.27,4.55,2.73,5.45,4.55,0
478,Jamie Vardy\Jamie-Vardy,eng ENG,FW,Leicester City,34-124,1987,29.6,0.51,0.27,0.1,0.41,2.57,0.47,3.21,5.81,0.51,0.27,0.78,0.84,0
479,Joël Veltman\Joel-Veltman,nl NED,DF,Brighton,29-120,1992,25.3,3.04,1.62,1.3,1.19,3.64,5.57,4.82,1.94,1.38,1.38,4.43,3.32,0
480,Jannik Vestergaard\Jannik-Vestergaard,dk DEN,DF,Southampton,28-285,1992,25.6,2.07,1.21,1.09,0.86,2.85,4.96,2.15,0.31,1.41,1.21,3.28,5.51,0
481,Rúben Vinagre\Ruben-Vinagre,pt POR,DF,Wolves,22-036,1999,1.9,2.63,1.58,1.05,1.58,2.63,6.84,4.74,2.11,2.11,0.53,3.16,3.16,0
482,Carlos Vinícius\Carlos-Vinicius,br BRA,FW,Tottenham,26-051,1995,3.4,0.29,0,0.29,0,4.12,1.18,6.18,7.65,0.59,0.29,0.59,1.47,0
483,João Virgínia\Joao-Virginia,pt POR,GK,Everton,21-217,1999,0.5,0,0,0,0,0,0,0,0,0,0,0,0,0
484,Vitinha\Vitinha,pt POR,MFFW,Wolves,21-091,2000,5,1.6,1,0,1.4,6.6,5,12.4,3.4,0.4,0.6,2.2,0.2,0
485,Jake Vokins\Jake-Vokins,eng ENG,DF,Southampton,21-059,2000,0.7,0,0,0,1.43,2.86,8.57,5.71,0,0,0,0,1.43,0
486,Matěj Vydra\Matej-Vydra,cz CZE,FW,Burnley,29-014,1992,13.9,0.58,0.36,0.07,0.58,5.18,0.65,6.69,10.8,1.08,0.29,0.86,0.43,0
487,Theo Walcott\Theo-Walcott,eng ENG,FW,Everton,32-060,1989,0.1,0,0,0,0,10,30,20,0,0,0,0,0,0
488,Theo Walcott\Theo-Walcott,eng ENG,MFFW,Southampton,32-060,1989,17,1.59,1.06,0.65,1.65,5.65,5.18,8.18,5.41,1.18,0.47,2.06,0.24,0
489,Kyle Walker\Kyle-Walker,eng ENG,DF,Manchester City,30-352,1990,20.6,1.7,1.26,0.87,0.73,3.54,3.93,5.24,1.75,1.36,0.68,2.38,1.75,0
490,Kyle Walker-Peters\Kyle-Walker-Peters,eng ENG,DF,Southampton,24-032,1997,26.7,2.92,1.57,0.94,1.12,4.38,7.68,5.09,1.46,2.28,1.42,4.34,2.4,0.04
491,Aaron Wan-Bissaka\Aaron-Wan-Bissaka,eng ENG,DF,Manchester Utd,23-170,1997,33,2.94,1.58,0.64,0.58,4.09,5.82,5.06,1.94,3.36,1.97,4.91,3.21,0
492,Joel Ward\Joel-Ward,eng ENG,DF,Crystal Palace,31-198,1989,22.1,1.9,1.18,0.77,0.77,3.85,7.69,4.25,1.81,2.08,2.13,4.03,4.34,0.05
493,James Ward-Prowse\James-Ward-Prowse,eng ENG,MF,Southampton,26-195,1994,35,2.17,1.51,0.8,1.2,5.11,5.43,8.03,2.17,1.94,1.17,3.34,2,0
494,Ollie Watkins\Ollie-Watkins,eng ENG,FW,Aston Villa,25-136,1995,34,1,0.62,0.29,0.56,4.65,1,6.65,9.38,0.5,0.26,1.26,0.62,0
495,Caleb Watts\Caleb-Watts,au AUS,MFFW,Southampton,19-119,2002,0.4,5,2.5,5,7.5,17.5,22.5,20,7.5,7.5,0,5,0,0
496,Adam Webster\Adam-Webster,eng ENG,DF,Brighton,26-131,1995,25.8,1.05,0.7,0.5,0.47,2.87,3.1,3.06,0.85,1.71,1.47,2.52,4.11,0
497,Danny Welbeck\Danny-Welbeck,eng ENG,FW,Brighton,30-170,1990,15.9,0.75,0.5,0.25,0.63,3.71,2.58,5.6,6.42,1.45,0.31,1.07,0.63,0
498,Timo Werner\Timo-Werner,de GER,FW,Chelsea,25-070,1996,26.9,0.93,0.56,0.33,1.19,3.9,2.45,5.43,5.5,0.89,0.22,1.15,0.15,0
499,Ashley Westwood\Ashley-Westwood,eng ENG,MF,Burnley,31-044,1990,34.9,0.66,0.34,0.14,0.89,3.38,3.84,6.96,1.81,1.32,1.29,1.95,1.32,0
500,Ben White\Ben-White,eng ENG,DFMF,Brighton,23-219,1997,32.5,1.6,0.95,0.68,1.17,3.82,5.2,5.14,1.05,1.82,1.23,2.83,2.06,0.03
501,Georginio Wijnaldum\Georginio-Wijnaldum,nl NED,MF,Liverpool,30-185,1990,30.8,0.94,0.75,0.29,0.81,4.61,3.6,6.62,2.69,1.1,0.68,1.62,0.71,0.03
502,Brandon Williams\Brandon-Williams,eng ENG,DF,Manchester Utd,20-254,2000,1.1,0.91,0.91,0,0.91,2.73,1.82,3.64,0.91,0.91,3.64,4.55,1.82,0
503,Neco Williams\Neco-Williams,wal WAL,DF,Liverpool,20-032,2001,2.8,2.14,1.79,1.07,1.79,4.64,6.07,6.43,3.57,2.86,1.79,3.93,1.43,0
504,Rhys Williams\Rhys-Williams,eng ENG,DF,Liverpool,20-101,2001,4.4,1.14,0.45,0.23,0,2.95,3.64,3.18,0.91,0.68,1.14,2.27,7.05,0.23
505,Willian\Willian,br BRA,FWMF,Arsenal,32-279,1988,15.6,1.03,0.38,0.45,1.15,3.14,2.82,4.94,4.62,1.41,0.77,1.79,0.26,0
506,Joe Willock\Joe-Willock,eng ENG,MF,Newcastle Utd,21-268,1999,8.9,3.15,2.13,1.01,3.6,6.29,13,12.5,6.29,2.58,2.7,5.84,1.57,0
507,Joe Willock\Joe-Willock,eng ENG,MF,Arsenal,21-268,1999,2.6,1.54,1.54,0,2.69,5.77,5.38,6.15,4.62,3.46,1.92,3.46,0,0
508,Callum Wilson\Callum-Wilson,eng ENG,FW,Newcastle Utd,29-077,1992,23.2,0.56,0.43,0.13,0.39,3.88,1.42,5.99,7.03,0.78,0.13,0.69,0.52,0.04
509,Harry Winks\Harry-Winks,eng ENG,MF,Tottenham,25-102,1996,7.5,2.13,1.33,0.93,1.47,5.33,7.33,7.47,1.6,1.47,1.6,3.73,1.33,0
510,Chris Wood\Chris-Wood,nz NZL,FW,Burnley,29-159,1991,27.7,0.51,0.32,0.18,0.36,2.92,0.65,4.3,6.43,0.9,0.18,0.69,0.65,0
511,Granit Xhaka\Granit-Xhaka,ch SUI,MFDF,Arsenal,28-230,1992,26.9,2.08,1.3,1.19,1.08,3.49,3.83,5.69,2.75,1.19,0.93,3.01,2.01,0.04
512,Andriy Yarmolenko\Andriy-Yarmolenko,ua UKR,FWMF,West Ham,31-204,1989,4.2,1.43,0.95,0.24,1.19,5,5.24,5,3.1,1.67,0.71,2.14,0.24,0
513,DeAndre Yedlin\DeAndre-Yedlin,us USA,DF,Newcastle Utd,27-310,1993,4.8,2.08,1.25,0.83,1.67,4.17,7.71,3.54,2.29,1.88,0.63,2.71,3.96,0
514,Okay Yokuşlu\Okay-Yokuslu,tr TUR,MF,West Brom,27-067,1994,11.9,3.45,2.35,1.09,1.6,6.47,8.57,9.41,1.76,1.6,2.61,6.05,2.52,0
515,Wilfried Zaha\Wilfried-Zaha,ci CIV,FW,Crystal Palace,28-186,1992,26,1.12,0.81,0.31,0.81,4.31,3.58,9.08,5.88,0.69,0.92,2.04,0.04,0
516,Andre-Frank Zambo Anguissa\Andre-Frank-Zambo-Anguissa,cm CMR,MF,Fulham,25-180,1995,26.6,3.08,1.88,0.83,1.24,5.56,5.83,9.47,3.91,1.65,1.77,4.85,1.24,0.04
517,Andi Zeqiri\Andi-Zeqiri,ch SUI,DFFW,Brighton,21-327,1999,1.5,2,2,0,0.67,6,5.33,8.67,6.67,1.33,0,2,0.67,0
518,Oleksandr Zinchenko\Oleksandr-Zinchenko,ua UKR,DF,Manchester City,24-151,1996,14.4,1.46,0.9,0.97,0.97,2.99,3.61,3.96,1.94,1.46,1.32,2.78,2.85,0
519,Hakim Ziyech\Hakim-Ziyech,ma MAR,FWMF,Chelsea,28-057,1993,12.7,0.79,0.55,0.39,1.18,4.8,3.7,7.09,6.61,1.1,0.71,1.5,0.08,0
520,Kurt Zouma\Kurt-Zouma,fr FRA,DF,Chelsea,26-200,1994,22.5,0.93,0.58,0.27,0.22,1.78,2.31,2.36,0.18,1.02,1.16,2.09,5.69,0.09
521,Martin Ødegaard\Martin-Odegaard,no NOR,MF,Arsenal,22-149,1998,8.4,0.6,0.36,0.24,0.83,4.52,3.81,8.69,6.67,0.24,0.6,1.19,0.6,0
